"Time_Iter","Outer_Iter","Inner_Iter",    "rms[Rho]"    ,    "rms[RhoU]"   ,    "rms[RhoV]"   ,    "rms[RhoW]"   ,    "rms[RhoE]"   ,     "rms[nu]"    
          0,           0,           0,      -4.875196878,       -9.67238369,      -16.04734865,       -10.9443717,      -4.268030877,      -10.91798621
          0,           0,           1,      -5.205303107,      -5.083384114,      -5.636634277,      -4.854742507,       -4.56887441,      -11.62791042
          0,           0,           2,      -5.202161553,      -4.996110057,      -5.205127187,      -5.058722593,      -4.567260848,      -11.62314606
          0,           0,           3,      -5.137467901,      -4.990865068,      -4.992494943,      -4.885885149,       -4.52054217,      -11.50004014
          0,           0,           4,       -5.03326557,      -4.964808422,      -4.894737032,      -4.790035553,      -4.424239511,      -11.44983499
          0,           0,           5,      -4.976886388,      -4.952109122,      -4.861918615,       -4.77627932,       -4.37095197,       -11.4372061
          0,           0,           6,      -4.951060474,      -4.957850246,      -4.872074179,      -4.805233675,      -4.345917414,      -11.41496708
          0,           0,           7,      -4.925363567,       -4.97865186,      -4.900047818,       -4.84081185,      -4.322407964,      -11.38640034
          0,           0,           8,      -4.899263818,      -5.019842645,      -4.928415931,      -4.870714465,      -4.300675035,      -11.37493605
          0,           0,           9,      -4.886291894,      -5.057390252,      -4.961850715,      -4.907330416,      -4.288857599,      -11.38436908
          0,           0,          10,      -4.885976008,      -5.051778767,      -5.002617199,      -4.952519566,      -4.283477351,      -11.40762187
          0,           0,          11,      -4.897040872,      -5.022244701,      -5.049996995,      -4.996135613,      -4.287326242,      -11.43732896
          0,           0,          12,       -4.92086576,      -5.015837331,      -5.108733158,      -5.041250346,      -4.308245818,      -11.46867174
          0,           0,          13,      -4.954574032,      -5.045476681,      -5.177256027,      -5.098529499,      -4.344932419,      -11.50094227
          0,           0,          14,      -4.992705418,      -5.097020003,      -5.243000916,      -5.165772479,      -4.387857024,      -11.53495618
          0,           0,          15,      -5.032120312,      -5.148938257,       -5.29636687,      -5.227634164,      -4.428685011,      -11.57215095
          0,           0,          16,      -5.072404951,       -5.19163977,      -5.342097929,      -5.275003364,      -4.466268511,      -11.61250645
          0,           0,          17,      -5.114142965,      -5.232827252,      -5.390896612,      -5.316217785,      -4.504501256,      -11.65382409
          0,           0,          18,      -5.158196917,      -5.283078493,       -5.44804705,      -5.364036124,         -4.547086,      -11.69041287
          0,           0,          19,      -5.205202194,      -5.344473267,      -5.511219601,      -5.423217559,      -4.594805169,      -11.71461536
          0,           0,          20,      -5.254973905,      -5.410449078,       -5.57412581,      -5.490064442,      -4.645884271,      -11.71935131
          0,           0,          21,      -5.306485948,      -5.472151018,      -5.632236843,      -5.556559615,      -4.697832157,      -11.70097091
          0,           0,          22,      -5.358484481,      -5.526695809,      -5.686496188,      -5.615847673,      -4.749158631,      -11.66093149
          0,           0,          23,      -5.409992515,      -5.578769423,      -5.740588291,      -5.666518699,      -4.799668961,      -11.60551591
          0,           0,          24,      -5.460419991,      -5.634021811,      -5.796495725,      -5.712055429,      -4.849611438,      -11.54171196
          0,           0,          25,      -5.509531202,      -5.693494997,      -5.853232109,      -5.756395488,      -4.898969054,       -11.4758878
          0,           0,          26,      -5.557346251,      -5.753085141,      -5.908430207,      -5.801163999,      -4.947392291,      -11.41271596
          0,           0,          27,      -5.604068869,      -5.806823383,      -5.960772349,      -5.846014896,      -4.994567505,      -11.35561139
          0,           0,          28,      -5.650040724,      -5.851583514,      -6.010733533,      -5.889962041,      -5.040552304,      -11.30617325
          0,           0,          29,      -5.695550108,      -5.889041509,      -6.059576536,      -5.932712088,      -5.085661886,      -11.26496865
          0,           0,          30,      -5.740849214,      -5.923525761,      -6.107780421,      -5.974950871,      -5.130342885,      -11.23260726
          0,           0,          31,      -5.786155898,      -5.958895982,      -6.154592796,      -6.017514064,      -5.175000113,      -11.20941324
          0,           0,          32,      -5.831725195,       -5.99712133,      -6.198705456,      -6.060398508,      -5.219983356,      -11.19600057
          0,           0,          33,      -5.877892694,      -6.038782154,      -6.239468751,      -6.102753455,      -5.265657678,      -11.19173457
          0,           0,          34,      -5.924892443,      -6.083675649,      -6.277782502,      -6.143201067,      -5.312286286,      -11.19486267
          0,           0,          35,      -5.972666819,      -6.131387497,      -6.315743503,      -6.181077692,      -5.359883474,      -11.20357868
          0,           0,          36,      -6.020814285,      -6.181535933,      -6.355635801,      -6.217008321,      -5.408139234,      -11.21580932
          0,           0,          37,      -6.068645434,      -6.233697665,      -6.398862648,      -6.252537122,      -5.456396762,      -11.23091006
          0,           0,          38,      -6.115562576,      -6.287282319,      -6.445230704,      -6.289199951,      -5.503961755,      -11.24941524
          0,           0,          39,      -6.161309494,       -6.34143081,      -6.492714715,      -6.327756049,      -5.550360935,      -11.27171262
          0,           0,          40,      -6.206193789,      -6.395065913,      -6.537884813,      -6.367826772,      -5.595661708,      -11.29797037
          0,           0,          41,      -6.250903134,      -6.446992157,      -6.577285941,      -6.408031172,      -5.640406527,       -11.3276511
          0,           0,          42,      -6.296180127,      -6.495993315,      -6.609246232,      -6.446678683,       -5.68534216,      -11.35930319
          0,           0,          43,      -6.342456297,      -6.541042017,      -6.634976434,      -6.482635354,      -5.731029566,      -11.39080065
          0,           0,          44,      -6.389674047,      -6.581589473,       -6.65787128,       -6.51599392,      -5.777597772,      -11.42023276
          0,           0,          45,      -6.437371314,      -6.617846151,      -6.681816616,      -6.548024212,      -5.824766794,      -11.44629821
          0,           0,          46,      -6.484886528,      -6.650675193,      -6.709971808,      -6.580640029,      -5.872004583,      -11.46812099
          0,           0,          47,      -6.531620779,      -6.681230224,      -6.744313913,      -6.615660528,      -5.918770657,      -11.48518748
          0,           0,          48,      -6.577224421,      -6.710483356,       -6.78572167,        -6.6542741,      -5.964704304,      -11.49750473
          0,           0,          49,      -6.621632121,      -6.738921136,      -6.834045008,      -6.696749831,      -6.009675051,      -11.50542959
          0,           0,          50,      -6.665030524,      -6.766525381,      -6.888093999,       -6.74229209,      -6.053774579,      -11.50952854
          0,           0,          51,      -6.707742801,      -6.792885292,      -6.945487992,      -6.789119367,      -6.097223151,      -11.51052017
          0,           0,          52,      -6.750070514,      -6.817336901,      -7.002414656,      -6.834666647,      -6.140234343,      -11.50925548
          0,           0,          53,      -6.792213821,      -6.839106216,      -7.053796243,      -6.876143066,      -6.182960656,      -11.50645144
          0,           0,          54,      -6.834173099,       -6.85738302,      -7.094308401,      -6.911278686,      -6.225413735,      -11.50261813
          0,           0,          55,       -6.87576409,      -6.871365021,       -7.12057426,      -6.939075613,      -6.267485022,      -11.49811673
          0,           0,          56,      -6.916576435,      -6.880375062,      -7.132932921,      -6.960046792,      -6.308885851,      -11.49321554
          0,           0,          57,      -6.955933273,      -6.884052853,      -7.134939724,      -6.975763277,      -6.349069402,      -11.48811341
          0,           0,          58,       -6.99301622,      -6.882502933,      -7.131281184,      -6.988148075,      -6.387303548,      -11.48299927
          0,           0,          59,      -7.026982346,      -6.876349756,      -7.125999952,      -6.998920627,      -6.422739458,      -11.47805584
          0,           0,          60,      -7.057132888,      -6.866627257,       -7.12189843,      -7.009381665,      -6.454568802,       -11.4734092
          0,           0,          61,      -7.083102928,      -6.854580698,      -7.120648367,       -7.02042377,      -6.482248069,      -11.46913339
          0,           0,          62,      -7.104940197,      -6.841423696,      -7.123113644,      -7.032618133,      -6.505642887,      -11.46527342
          0,           0,          63,      -7.123056921,      -6.828164537,      -7.129622559,      -7.046311504,      -6.525039784,        -11.461863
          0,           0,          64,       -7.13808717,      -6.815564063,      -7.140161995,      -7.061687883,      -6.541028372,      -11.45894584
          0,           0,          65,      -7.150724857,      -6.804138873,      -7.154492806,      -7.078794522,      -6.554326748,      -11.45657286
          0,           0,          66,      -7.161617798,      -6.794186193,      -7.172224113,       -7.09753616,      -6.565645287,      -11.45479605
          0,           0,          67,      -7.171308739,      -6.785837473,      -7.192862599,      -7.117711473,      -6.575599842,      -11.45365016
          0,           0,          68,      -7.180210115,      -6.779110945,      -7.215870646,      -7.139044368,      -6.584669192,      -11.45315767
          0,           0,          69,      -7.188619461,      -6.773960943,      -7.240710784,      -7.161221337,      -6.593204264,      -11.45330198
          0,           0,          70,      -7.196733223,      -6.770303745,      -7.266878104,      -7.183916394,      -6.601438549,      -11.45402226
          0,           0,          71,      -7.204675982,      -6.768036779,      -7.293918919,      -7.206825853,      -6.609518804,      -11.45529463
          0,           0,          72,      -7.212520895,      -6.767063808,      -7.321434017,      -7.229671701,      -6.617528867,      -11.45713116
          0,           0,          73,      -7.220313927,      -6.767299769,      -7.349065584,      -7.252206436,      -6.625517146,      -11.45953504
          0,           0,          74,      -7.228092273,      -6.768673404,      -7.376475284,      -7.274202033,      -6.633517295,      -11.46248152
          0,           0,          75,      -7.235891555,      -6.771120244,      -7.403322581,      -7.295443305,      -6.641556616,      -11.46593736
          0,           0,          76,      -7.243742588,      -6.774573688,      -7.429248676,      -7.315719498,      -6.649653559,       -11.4698759
          0,           0,          77,       -7.25167107,      -6.778957423,      -7.453879076,      -7.334822882,      -6.657819734,      -11.47428518
          0,           0,          78,        -7.2596861,      -6.784180493,      -7.476849254,      -7.352542122,      -6.666050328,      -11.47918423
          0,           0,          79,      -7.267806206,      -6.790147068,       -7.49784123,      -7.368707408,      -6.674353811,      -11.48453412
          0,           0,          80,      -7.276045413,      -6.796760117,      -7.516620897,      -7.383208087,      -6.682738369,       -11.4902284
          0,           0,          81,      -7.284417181,      -6.803932878,      -7.533075847,      -7.396025374,       -6.69121666,      -11.49609718
          0,           0,          82,      -7.292939425,        -6.8115919,       -7.54723264,      -7.407236502,       -6.69981014,      -11.50205141
          0,           0,          83,      -7.301631833,      -6.819680296,      -7.559237252,      -7.417020945,       -6.70854501,      -11.50820832
          0,           0,          84,      -7.310508577,      -6.828153194,      -7.569309538,      -7.425626596,      -6.717443073,      -11.51472239
          0,           0,          85,      -7.319587941,      -6.836981723,      -7.577695458,      -7.433331631,      -6.726531333,        -11.521715
          0,           0,          86,      -7.328891897,      -6.846149383,      -7.584612985,      -7.440399285,      -6.735840753,      -11.52907864
          0,           0,          87,      -7.338435936,      -6.855646193,      -7.590209384,      -7.447042228,       -6.74539449,      -11.53671682
          0,           0,          88,       -7.34823638,      -6.865464819,      -7.594541652,      -7.453401829,      -6.755216002,      -11.54453405
          0,           0,          89,        -7.3582983,      -6.875598156,      -7.597575854,      -7.459527768,      -6.765316252,      -11.55251829
          0,           0,          90,      -7.368617317,      -6.886036969,      -7.599207558,      -7.465377233,      -6.775695449,      -11.56063055
          0,           0,          91,      -7.379178208,      -6.896768865,      -7.599296578,      -7.470823268,      -6.786341638,      -11.56888253
          0,           0,          92,      -7.389958089,      -6.907777881,      -7.597708514,      -7.475675155,      -6.797234053,      -11.57731401
          0,           0,          93,      -7.400926957,      -6.919044308,      -7.594354138,      -7.479705321,      -6.808343684,      -11.58595528
          0,           0,          94,      -7.412048987,      -6.930545769,      -7.589219235,      -7.482687347,      -6.819634439,      -11.59479998
          0,           0,          95,      -7.423279942,      -6.942254391,      -7.582389563,      -7.484419523,      -6.831060476,      -11.60384164
          0,           0,          96,      -7.434575314,      -6.954141395,      -7.574046083,      -7.484766957,      -6.842574794,      -11.61307907
          0,           0,          97,      -7.445899698,      -6.966178419,      -7.564445509,      -7.483681069,      -6.854139404,      -11.62249837
          0,           0,          98,      -7.457216618,      -6.978338341,      -7.553900849,      -7.481204982,      -6.865714804,      -11.63207012
          0,           0,          99,      -7.468495369,       -6.99059647,      -7.542742687,      -7.477469874,      -6.877266431,      -11.64176366
          0,           0,         100,      -7.479709874,      -7.002930427,      -7.531294639,      -7.472674231,       -6.88876385,      -11.65156234
          0,           0,         101,      -7.490839478,      -7.015319989,      -7.519852443,      -7.467058752,      -6.900181862,      -11.66145856
          0,           0,         102,      -7.501868149,      -7.027746699,      -7.508670377,      -7.460879852,      -6.911500053,      -11.67145105
          0,           0,         103,      -7.512784512,      -7.040194345,      -7.497955926,      -7.454389947,      -6.922703174,      -11.68153806
          0,           0,         104,      -7.523584191,      -7.052648151,      -7.487867236,      -7.447816631,       -6.93378395,      -11.69171218
          0,           0,         105,      -7.534264547,      -7.065095556,      -7.478520028,      -7.441355584,      -6.944737472,       -11.7019604
          0,           0,         106,      -7.544826541,      -7.077526453,       -7.46999304,      -7.435168072,      -6.955563202,      -11.71227363
          0,           0,         107,      -7.555275772,      -7.089934782,      -7.462330797,      -7.429379257,      -6.966266115,      -11.72264039
          0,           0,         108,      -7.565617343,      -7.102315736,      -7.455548245,      -7.424079767,      -6.976851175,      -11.73305064
          0,           0,         109,      -7.575858058,      -7.114665237,      -7.449634711,      -7.419327722,      -6.987325498,       -11.7434962
          0,           0,         110,       -7.58600267,      -7.126977848,      -7.444568962,      -7.415152725,       -6.99769452,      -11.75397054
          0,           0,         111,       -7.59606024,      -7.139252078,       -7.44032421,      -7.411569593,      -7.007968442,      -11.76446849
          0,           0,         112,      -7.606039373,      -7.151487824,      -7.436864579,      -7.408577236,      -7.018157415,      -11.77498619
          0,           0,         113,      -7.615948455,      -7.163687047,      -7.434147344,      -7.406162765,      -7.028271419,      -11.78552015
          0,           0,         114,      -7.625796923,      -7.175851709,      -7.432125478,      -7.404305479,      -7.038321586,      -11.79606729
          0,           0,         115,      -7.635592648,      -7.187983996,      -7.430750113,      -7.402979705,      -7.048317382,      -11.80662575
          0,           0,         116,      -7.645341387,      -7.200083932,      -7.429972869,      -7.402157289,      -7.058265945,      -11.81719486
          0,           0,         117,      -7.655041357,      -7.212151531,      -7.429747274,      -7.401808939,      -7.068165911,      -11.82777339
          0,           0,         118,      -7.664699566,      -7.224187521,      -7.430030545,      -7.401906771,      -7.078025948,      -11.83836029
          0,           0,         119,      -7.674323947,      -7.236192636,      -7.430783132,      -7.402423095,      -7.087855386,       -11.8489545
          0,           0,         120,      -7.683918776,      -7.248167847,      -7.431968993,      -7.403332871,      -7.097659209,      -11.85955522
          0,           0,         121,      -7.693487683,      -7.260114442,      -7.433556199,      -7.404613386,      -7.107441578,      -11.87016178
          0,           0,         122,      -7.703033326,       -7.27203371,      -7.435516606,      -7.406244139,      -7.117205476,      -11.88077364
          0,           0,         123,      -7.712556391,      -7.283925614,      -7.437825114,        -7.4082067,      -7.126951807,      -11.89139034
          0,           0,         124,      -7.722058622,      -7.295790115,      -7.440459305,      -7.410484171,      -7.136682619,      -11.90201168
          0,           0,         125,      -7.731542305,      -7.307627706,      -7.443399005,      -7.413060849,      -7.146400437,      -11.91263755
          0,           0,         126,      -7.741007961,      -7.319438028,      -7.446625307,      -7.415921846,      -7.156105917,       -11.9232678
          0,           0,         127,      -7.750455945,      -7.331220575,      -7.450120687,      -7.419052857,       -7.16579955,      -11.93390289
          0,           0,         128,      -7.759886548,       -7.34297442,      -7.453868989,      -7.422439946,       -7.17548178,      -11.94454318
          0,           0,         129,      -7.769300079,      -7.354699206,       -7.45785508,      -7.426069912,      -7.185152977,      -11.95518895
          0,           0,         130,      -7.778697297,      -7.366395749,      -7.462064935,      -7.429930063,      -7.194813935,       -11.9658415
          0,           0,         131,      -7.788079075,      -7.378065257,      -7.466485059,      -7.434008645,      -7.204465582,      -11.97650415
          0,           0,         132,      -7.797443069,      -7.389708147,      -7.471102024,      -7.438293781,      -7.214105182,      -11.98716912
          0,           0,         133,      -7.806791712,       -7.40132466,      -7.475903706,      -7.442773533,      -7.223735206,       -11.9978406
          0,           0,         134,      -7.816127658,      -7.412916317,      -7.480879711,      -7.447436721,      -7.233358353,      -12.00851937
          0,           0,         135,      -7.825452197,      -7.424484137,      -7.486019882,      -7.452272472,      -7.242975983,      -12.01920638
          0,           0,         136,      -7.834766329,      -7.436029472,      -7.491314306,      -7.457270461,      -7.252589209,      -12.02990278
          0,           0,         137,      -7.844069531,      -7.447552521,      -7.496753523,      -7.462420904,      -7.262197465,      -12.04061273
          0,           0,         138,      -7.853362493,      -7.459054535,      -7.502328856,      -7.467714722,       -7.27180143,      -12.05133031
          0,           0,         139,      -7.862645629,      -7.470536719,      -7.508032286,      -7.473143454,      -7.281401463,      -12.06205951
          0,           0,         140,      -7.871917595,      -7.482000114,      -7.513856514,      -7.478699239,      -7.290995851,      -12.07280115
          0,           0,         141,       -7.88117936,      -7.493445551,      -7.519795116,      -7.484375254,      -7.300585569,      -12.08355631
          0,           0,         142,      -7.890429661,      -7.504873293,      -7.525841692,      -7.490164483,       -7.31016916,      -12.09432635
          0,           0,         143,       -7.89966721,      -7.516283088,       -7.53199034,      -7.496060473,       -7.31974485,      -12.10511237
          0,           0,         144,      -7.908892013,      -7.527675048,      -7.538236141,      -7.502057985,      -7.329312397,      -12.11591576
          0,           0,         145,      -7.918092842,      -7.539049454,       -7.54457513,      -7.508152416,      -7.338858663,      -12.12673772
          0,           0,         146,      -7.927284484,      -7.550404831,      -7.551003164,      -7.514340743,      -7.348400614,      -12.13757944
          0,           0,         147,      -7.936470368,      -7.561742078,      -7.557516572,       -7.52061819,       -7.35794207,      -12.14844199
          0,           0,         148,       -7.94565474,      -7.573063279,      -7.564112232,      -7.526981133,      -7.367487705,      -12.15932639
          0,           0,         149,      -7.954839221,      -7.584370356,      -7.570787146,      -7.533427193,      -7.377039804,      -12.17023322
          0,           0,         150,      -7.964022777,       -7.59566415,      -7.577538266,      -7.539954374,      -7.386597838,      -12.18116239
          0,           0,         151,      -7.973202904,      -7.606944825,      -7.584362432,      -7.546560459,      -7.396159408,      -12.19211298
          0,           0,         152,      -7.982378162,      -7.618213072,      -7.591256626,      -7.553243001,      -7.405722789,      -12.20308352
          0,           0,         153,       -7.99154889,      -7.629470507,      -7.598218174,      -7.559998924,      -7.415288156,      -12.21407249
          0,           0,         154,      -8.000716653,        -7.6407194,      -7.605244455,      -7.566825572,      -7.424857137,      -12.22507876
          0,           0,         155,      -8.009882968,      -7.651961604,      -7.612332989,       -7.57372052,      -7.434431302,      -12.23610166
          0,           0,         156,      -8.019048723,      -7.663198359,      -7.619481605,      -7.580681514,      -7.444011482,      -12.24714359
          0,           0,         157,      -8.028212602,      -7.674430425,      -7.626688338,      -7.587706246,      -7.453596012,      -12.25819875
          0,           0,         158,      -8.037370273,      -7.685658445,      -7.633951646,       -7.59479237,       -7.46317953,      -12.26926952
          0,           0,         159,      -8.046525899,      -7.696882749,      -7.641270674,      -7.601938331,      -7.472767417,      -12.28035674
          0,           0,         160,      -8.055679233,      -7.708101571,      -7.648643877,      -7.609141678,      -7.482359807,      -12.29146047
          0,           0,         161,      -8.064829349,      -7.719313427,      -7.656069456,      -7.616399904,      -7.491955602,      -12.30258055
          0,           0,         162,      -8.073977142,      -7.730518398,      -7.663545759,      -7.623710849,      -7.501555894,      -12.31371689
          0,           0,         163,      -8.083123803,      -7.741717804,      -7.671070995,      -7.631072287,      -7.511162157,      -12.32487691
          0,           0,         164,      -8.092270654,       -7.75291394,      -7.678643625,      -7.638482443,      -7.520775969,      -12.33604715
          0,           0,         165,      -8.101418186,      -7.764108672,        -7.6862621,      -7.645939765,      -7.530397936,      -12.34724722
          0,           0,         166,      -8.110566082,      -7.775303629,      -7.693924529,      -7.653442463,      -7.540027672,      -12.35845367
          0,           0,         167,      -8.119712912,       -7.78649871,      -7.701628466,      -7.660988157,      -7.549663515,      -12.36967541
          0,           0,         168,      -8.128857172,      -7.797693225,      -7.709370853,      -7.668573722,      -7.559303785,      -12.38091246
          0,           0,         169,      -8.137997518,      -7.808887248,      -7.717148118,      -7.676195503,      -7.568946894,      -12.39216441
          0,           0,         170,      -8.147131456,      -7.820078198,      -7.724956667,      -7.683849646,      -7.578590237,      -12.40343105
          0,           0,         171,      -8.156257938,      -7.831265458,      -7.732793025,      -7.691532458,      -7.588232606,      -12.41471218
          0,           0,         172,      -8.165376057,      -7.842448595,      -7.740653971,      -7.699240481,      -7.597872998,      -12.42600717
          0,           0,         173,      -8.174484965,      -7.853627256,      -7.748536593,      -7.706970535,      -7.607510446,      -12.43731688
          0,           0,         174,      -8.183583871,      -7.864801295,      -7.756438266,      -7.714719723,      -7.617143991,      -12.44864055
          0,           0,         175,      -8.192672019,      -7.875970715,      -7.764356529,      -7.722485317,      -7.626772654,      -12.45997799
          0,           0,         176,      -8.201748598,      -7.887135597,      -7.772289032,      -7.730264717,      -7.636395328,      -12.47132912
          0,           0,         177,      -8.210812402,       -7.89829586,      -7.780233463,        -7.7380554,      -7.646010408,      -12.48269389
          0,           0,         178,       -8.21986244,      -7.909451403,      -7.788187586,      -7.745854978,      -7.655616537,      -12.49407237
          0,           0,         179,      -8.228897809,      -7.920602018,      -7.796149306,      -7.753661278,      -7.665212446,      -12.50546456
          0,           0,         180,      -8.237915604,      -7.931747401,      -7.804116677,      -7.761472333,      -7.674794365,       -12.5168708
          0,           0,         181,      -8.246918513,      -7.942887336,      -7.812087998,      -7.769286512,      -7.684365582,      -12.52829144
          0,           0,         182,      -8.255905894,      -7.954020769,      -7.820061521,      -7.777102099,      -7.693925381,       -12.5397266
          0,           0,         183,      -8.264877079,      -7.965146685,      -7.828035473,      -7.784917436,      -7.703472915,      -12.55117609
          0,           0,         184,      -8.273831696,      -7.976264695,      -7.836008104,      -7.792730886,      -7.713007644,      -12.56263951
          0,           0,         185,      -8.282769646,      -7.987375659,      -7.843977699,       -7.80054085,      -7.722529278,      -12.57411681
          0,           0,         186,      -8.291690446,      -7.998479026,      -7.851942641,      -7.808345805,      -7.732037173,      -12.58560789
          0,           0,         187,      -8.300593477,      -8.009574904,      -7.859901441,      -7.816144373,      -7.741530451,      -12.59711269
          0,           0,         188,      -8.309478174,      -8.020663586,      -7.867852717,      -7.823935287,      -7.751008243,       -12.6086311
          0,           0,         189,      -8.318344014,      -8.031745318,      -7.875795219,      -7.831717381,      -7.760469707,      -12.62016305
          0,           0,         190,      -8.327190273,      -8.042820284,      -7.883727847,      -7.839489623,      -7.769913704,      -12.63170867
          0,           0,         191,      -8.336016566,      -8.053888709,      -7.891649701,      -7.847251155,      -7.779339546,      -12.64326813
          0,           0,         192,      -8.344822802,      -8.064950602,      -7.899560009,      -7.855001233,      -7.788746942,      -12.65484158
          0,           0,         193,      -8.353608907,      -8.076005779,      -7.907458069,      -7.862739166,      -7.798135604,      -12.66642922
          0,           0,         194,      -8.362374742,       -8.08705405,      -7.915343408,      -7.870464489,      -7.807505224,      -12.67803105
          0,           0,         195,      -8.371120183,      -8.098095323,      -7.923215814,      -7.878177015,      -7.816855535,      -12.68964688
          0,           0,         196,      -8.379845179,      -8.109129591,      -7.931075304,      -7.885876824,      -7.826186347,      -12.70127653
          0,           0,         197,      -8.388549789,      -8.120156939,      -7.938922065,      -7.893564177,      -7.835497582,      -12.71291984
          0,           0,         198,      -8.397234051,      -8.131177389,       -7.94675637,      -7.901239413,      -7.844789148,      -12.72457703
          0,           0,         199,      -8.405897974,      -8.142190873,      -7.954578545,       -7.90890289,      -7.854060922,      -12.73624841
          0,           0,         200,      -8.414541529,      -8.153197207,      -7.962388902,      -7.916554926,      -7.863312765,       -12.7479342
          0,           0,         201,      -8.423163345,      -8.164195931,      -7.970187762,       -7.92419577,      -7.872542648,      -12.75963455
          0,           0,         202,      -8.431765356,      -8.175186501,      -7.977975289,      -7.931825971,      -7.881753104,      -12.77134946
          0,           0,         203,      -8.440346779,       -8.18616848,      -7.985751626,       -7.93944545,      -7.890943039,      -12.78307877
          0,           0,         204,       -8.44890825,      -8.197142001,      -7.993516999,      -7.947054305,        -7.9001131,       -12.7948225
          0,           0,         205,       -8.45745021,      -8.208107266,      -8.001271723,      -7.954652922,      -7.909263911,       -12.8065808
          0,           0,         206,      -8.465972397,      -8.219064167,      -8.009016153,      -7.962241758,      -7.918395309,       -12.8183538
          0,           0,         207,      -8.474474388,      -8.230012392,      -8.016750633,      -7.969821146,      -7.927506821,       -12.8301439
          0,           0,         208,      -8.482955868,      -8.240951715,      -8.024474627,      -7.977391048,      -7.936597874,      -12.84194701
          0,           0,         209,       -8.49141716,      -8.251881912,      -8.032188869,      -7.984951588,      -7.945668766,      -12.85376403
          0,           0,         210,      -8.499858689,       -8.26280302,      -8.039893978,      -7.992502819,       -7.95471981,      -12.86559517
          0,           0,         211,      -8.508280617,      -8.273715064,      -8.047590052,      -8.000044773,       -7.96375104,      -12.87744048
          0,           0,         212,      -8.516683038,      -8.284618014,      -8.055277085,      -8.007577599,      -7.972762486,       -12.8893009
          0,           0,         213,      -8.525067873,      -8.295513715,      -8.062955055,      -8.015101632,      -7.981755942,      -12.90117582
          0,           0,         214,      -8.533432834,      -8.306400089,      -8.070623827,      -8.022617089,      -7.990729547,      -12.91306368
          0,           0,         215,      -8.541777427,      -8.317276483,      -8.078283636,      -8.030124133,      -7.999682496,      -12.92496508
          0,           0,         216,      -8.550101504,      -8.328142311,      -8.085934799,      -8.037622894,      -8.008614537,      -12.93688021
          0,           0,         217,      -8.558405198,      -8.338997079,      -8.093577587,      -8.045113559,      -8.017525771,      -12.94881227
          0,           0,         218,      -8.566688849,      -8.349840175,       -8.10121221,      -8.052596377,      -8.026416512,      -12.96075557
          0,           0,         219,      -8.574952864,      -8.360671796,      -8.108838874,      -8.060071645,      -8.035287181,      -12.97271384
          0,           0,         220,      -8.583197481,      -8.371491832,      -8.116457782,      -8.067539663,      -8.044138019,       -12.9846867
          0,           0,         221,       -8.59142283,      -8.382300079,      -8.124069173,      -8.075000756,      -8.052969177,       -12.9966734
          0,           0,         222,      -8.599628945,      -8.393096214,      -8.131673303,      -8.082455254,       -8.06178074,      -13.00867369
          0,           0,         223,      -8.607815837,      -8.403879968,      -8.139270418,      -8.089903461,      -8.070572767,       -13.0206878
          0,           0,         224,      -8.615983547,       -8.41465107,      -8.146860729,      -8.097345627,      -8.079345342,      -13.03271583
          0,           0,         225,      -8.624132175,      -8.425409302,      -8.154444459,      -8.104782011,      -8.088098595,      -13.04475773
          0,           0,         226,      -8.632261855,      -8.436154455,      -8.162021822,      -8.112212862,        -8.0968327,      -13.05681346
          0,           0,         227,      -8.640372747,      -8.446886323,      -8.169593027,      -8.119638431,      -8.105547855,      -13.06888293
          0,           0,         228,      -8.648465002,      -8.457604717,      -8.177158272,      -8.127058953,      -8.114244244,      -13.08096606
          0,           0,         229,      -8.656538722,       -8.46830939,      -8.184717759,      -8.134474666,      -8.122921997,      -13.09306319
          0,           0,         230,      -8.664593991,      -8.479000047,      -8.192271675,      -8.141885784,      -8.131581246,      -13.10517471
          0,           0,         231,      -8.672630903,      -8.489676365,      -8.199820234,      -8.149292539,      -8.140222153,      -13.11730098
          0,           0,         232,      -8.680649598,      -8.500338049,      -8.207363716,      -8.156695221,      -8.148844942,      -13.12945662
          0,           0,         233,      -8.688650292,      -8.510984964,      -8.214902438,      -8.164094161,      -8.157449918,      -13.14161567
          0,           0,         234,      -8.696633214,      -8.521616903,      -8.222436727,      -8.171489698,      -8.166037405,      -13.15379058
          0,           0,         235,       -8.70459835,      -8.532233667,      -8.229966875,      -8.178882112,      -8.174607461,      -13.16598151
          0,           0,         236,      -8.712545927,      -8.542835149,      -8.237493095,      -8.186271607,      -8.183160374,      -13.17818538
          0,           0,         237,       -8.72047608,      -8.553421055,      -8.245015533,      -8.193658296,       -8.19169636,      -13.19040409
          0,           0,         238,      -8.728388925,      -8.563991132,      -8.252534248,       -8.20104222,      -8.200215637,       -13.2026379
          0,           0,         239,      -8.736284503,       -8.57454516,      -8.260049212,      -8.208423334,      -8.208718298,      -13.21488655
          0,           0,         240,      -8.744162744,      -8.585082798,      -8.267560414,      -8.215801592,      -8.217204362,      -13.22715005
          0,           0,         241,      -8.752023646,      -8.595603761,       -8.27506785,      -8.223176972,      -8.225673915,      -13.23942862
          0,           0,         242,      -8.759867299,      -8.606107878,      -8.282571532,      -8.230549483,      -8.234127088,      -13.25172241
          0,           0,         243,      -8.767693827,      -8.616595034,       -8.29007151,      -8.237919185,      -8.242564025,      -13.26403134
          0,           0,         244,      -8.775503361,      -8.627065083,      -8.297567885,      -8.245286182,      -8.250984874,      -13.27635522
          0,           0,         245,      -8.783296013,      -8.637517821,      -8.305060807,      -8.252650624,      -8.259389787,      -13.28869392
          0,           0,         246,      -8.791071902,      -8.647953036,      -8.312550467,      -8.260012693,      -8.267778938,      -13.30104742
          0,           0,         247,      -8.798831163,      -8.658370514,      -8.320037093,      -8.267372619,      -8.276152539,      -13.31341577
          0,           0,         248,       -8.80657395,      -8.668770038,      -8.327520951,      -8.274730671,      -8.284510849,      -13.32579906
          0,           0,         249,      -8.814300427,      -8.679151379,      -8.335002322,      -8.282087139,      -8.292854153,      -13.33819738
          0,           0,         250,      -8.822010752,       -8.68951429,      -8.342481487,      -8.289442315,      -8.301182752,      -13.35061085
          0,           0,         251,      -8.829705086,      -8.699858537,      -8.349958716,      -8.296796477,      -8.309496951,       -13.3630396
          0,           0,         252,      -8.837383587,      -8.710183906,      -8.357434255,      -8.304149877,      -8.317797054,      -13.37548374
          0,           0,         253,      -8.845046393,       -8.72049019,      -8.364908322,      -8.311502739,      -8.326083347,      -13.38794333
          0,           0,         254,      -8.852693625,      -8.730777182,      -8.372381105,      -8.318855256,      -8.334356092,      -13.40041835
          0,           0,         255,      -8.860325389,      -8.741044676,       -8.37985276,      -8.326207599,      -8.342615529,      -13.41290892
          0,           0,         256,      -8.867941757,      -8.751292437,       -8.38732342,      -8.333559913,      -8.350861859,      -13.42541531
          0,           0,         257,      -8.875542784,      -8.761520203,      -8.394793202,      -8.340912326,      -8.359095262,      -13.43793763
          0,           0,         258,      -8.883128527,       -8.77172767,      -8.402262204,      -8.348264948,      -8.367315926,      -13.45047586
          0,           0,         259,      -8.890699095,      -8.781914749,      -8.409730517,      -8.355617882,      -8.375524077,         -13.46303
          0,           0,         260,      -8.898254537,      -8.792081222,      -8.417198226,      -8.362971212,      -8.383719898,      -13.47560015
          0,           0,         261,      -8.905794894,        -8.8022268,      -8.424665411,      -8.370325004,      -8.391903553,      -13.48818996
          0,           0,         262,      -8.913320281,      -8.812351385,      -8.432132151,      -8.377679321,      -8.400075264,      -13.50087048
          0,           0,         263,       -8.92083168,      -8.822457295,      -8.439598515,      -8.385034223,      -8.408236066,      -13.51350368
          0,           0,         264,      -8.928328148,      -8.832541587,       -8.44706458,      -8.392389743,       -8.41638516,      -13.52614326
          0,           0,         265,      -8.935809583,      -8.842603753,      -8.454530423,      -8.399745965,      -8.424522611,      -13.53879689
          0,           0,         266,      -8.943276106,      -8.852643633,      -8.461996139,      -8.407102981,      -8.432648655,      -13.55146616
          0,           0,         267,      -8.950727889,      -8.862661163,       -8.46946183,      -8.414460878,      -8.440763579,      -13.56415144
          0,           0,         268,       -8.95816506,      -8.872656258,      -8.476927589,      -8.421819736,      -8.448867659,      -13.57685282
          0,           0,         269,      -8.965587839,      -8.882628858,      -8.484393517,      -8.429179637,      -8.456961311,      -13.58957029
          0,           0,         270,      -8.972996105,      -8.892578863,        -8.4918597,      -8.436540647,      -8.465044404,      -13.60230379
          0,           0,         271,      -8.980389953,      -8.902506134,      -8.499326218,       -8.44390284,      -8.473117167,      -13.61505328
          0,           0,         272,      -8.987769496,      -8.912410571,      -8.506793135,      -8.451266273,      -8.481179862,       -13.6278187
          0,           0,         273,      -8.995134867,       -8.92229214,      -8.514260572,      -8.458631059,      -8.489232752,      -13.64060003
          0,           0,         274,      -9.002486193,      -8.932150802,      -8.521728647,      -8.465997324,      -8.497276109,      -13.65339723
          0,           0,         275,      -9.009823605,      -8.941986508,      -8.529197489,      -8.473365206,      -8.505310192,      -13.66621021
          0,           0,         276,      -9.017147166,      -8.951799126,      -8.536667177,      -8.480734788,      -8.513335207,       -13.6790389
          0,           0,         277,       -9.02445693,      -8.961588519,      -8.544137797,      -8.488106154,      -8.521351342,      -13.69188326
          0,           0,         278,      -9.031752973,      -8.971354569,      -8.551609458,      -8.495479403,      -8.529358829,      -13.70474329
          0,           0,         279,      -9.039035389,      -8.981097194,      -8.559082255,      -8.502854625,      -8.537357898,      -13.71761909
          0,           0,         280,      -9.046304228,      -8.990816313,      -8.566556236,      -8.510231847,      -8.545348729,      -13.73051069
          0,           0,         281,      -9.053559506,      -9.000511801,      -8.574031441,      -8.517611089,      -8.553331482,      -13.74341812
          0,           0,         282,      -9.060801284,      -9.010183574,       -8.58150799,      -8.524992463,      -8.561306378,      -13.75634135
          0,           0,         283,      -9.068029704,      -9.019831632,      -8.588986051,      -8.532376143,      -8.569273711,      -13.76928032
          0,           0,         284,      -9.075244928,      -9.029456017,      -8.596465822,      -8.539762317,      -8.577233785,      -13.78223491
          0,           0,         285,      -9.082447084,      -9.039056773,      -8.603947464,      -8.547151125,      -8.585186857,      -13.79520495
          0,           0,         286,      -9.089636273,       -9.04863393,      -8.611431105,      -8.554542669,      -8.593133144,      -13.80819016
          0,           0,         287,      -9.096812551,      -9.058187488,      -8.618916821,      -8.561937007,      -8.601072829,      -13.82119019
          0,           0,         288,       -9.10397728,      -9.067720612,      -8.626404692,      -8.569334219,      -8.609007213,      -13.83420423
          0,           0,         289,      -9.111129867,      -9.077231645,      -8.633894591,      -8.576734269,      -8.616935772,      -13.84723217
          0,           0,         290,      -9.118269262,      -9.086718217,      -8.641386523,       -8.58413715,       -8.62485778,      -13.86027394
          0,           0,         291,      -9.125395209,      -9.096179886,       -8.64888062,      -8.591542952,      -8.632773211,      -13.87332916
          0,           0,         292,      -9.132507767,      -9.105616639,      -8.656376982,      -8.598951777,      -8.640682238,      -13.88639726
          0,           0,         293,      -9.139607255,      -9.115028704,      -8.663875714,       -8.60636372,      -8.648585322,      -13.89947768
          0,           0,         294,      -9.146693942,      -9.124416372,      -8.671376885,      -8.613778834,      -8.656482966,      -13.91256993
          0,           0,         295,       -9.15376798,      -9.133779886,      -8.678880578,      -8.621197173,        -8.6643755,      -13.92567356
          0,           0,         296,      -9.160829436,      -9.143119392,      -8.686386859,      -8.628618769,      -8.672263142,      -13.93878813
          0,           0,         297,      -9.167878346,      -9.152434969,      -8.693895781,      -8.636043643,      -8.680146048,      -13.95191317
          0,           0,         298,      -9.174914725,      -9.161726661,      -8.701407386,       -8.64347181,      -8.688024347,      -13.96504818
          0,           0,         299,      -9.181938585,      -9.170994496,      -8.708921705,       -8.65090329,      -8.695898147,      -13.97819261
          0,           0,         300,      -9.188949952,      -9.180238516,      -8.716438791,      -8.658338129,      -8.703767577,       -13.9913459
          0,           0,         301,      -9.195948856,      -9.189458775,      -8.723958692,       -8.66577638,      -8.711632773,      -14.00450742
          0,           0,         302,      -9.202935339,      -9.198655293,      -8.731481481,      -8.673218116,      -8.719493899,      -14.01767653
          0,           0,         303,      -9.209909439,      -9.207828104,      -8.739007231,      -8.680663409,      -8.727351136,       -14.0308525
          0,           0,         304,      -9.216871216,       -9.21697728,      -8.746536028,      -8.688112344,      -8.735204683,      -14.04403453
          0,           0,         305,      -9.223820729,      -9.226102936,      -8.754067949,      -8.695564992,      -8.743054739,      -14.05722172
          0,           0,         306,      -9.230758035,      -9.235205172,      -8.761603066,      -8.703021414,      -8.750901483,      -14.07041312
          0,           0,         307,      -9.237683192,      -9.244284189,       -8.76914144,      -8.710481661,      -8.758745092,      -14.08360769
          0,           0,         308,      -9.244596227,      -9.253340107,      -8.776683115,      -8.717945766,      -8.766585713,       -14.0968043
          0,           0,         309,      -9.251497161,      -9.262373011,      -8.784228139,      -8.725413772,      -8.774423491,      -14.11000185
          0,           0,         310,       -9.25838602,       -9.27138298,      -8.791776572,      -8.732885732,      -8.782258593,      -14.12319919
          0,           0,         311,      -9.265262849,      -9.280370096,      -8.799328507,      -8.740361732,      -8.790091211,      -14.13639504
          0,           0,         312,      -9.272127684,      -9.289334441,       -8.80688404,      -8.747841858,      -8.797921539,      -14.14958801
          0,           0,         313,      -9.278980558,      -9.298276118,      -8.814443263,      -8.755326184,      -8.805749754,      -14.16277662
          0,           0,         314,      -9.285821495,       -9.30719524,      -8.822006255,       -8.76281476,      -8.813576013,      -14.17595933
          0,           0,         315,      -9.292650516,      -9.316091936,      -8.829573077,      -8.770307623,      -8.821400458,      -14.18913452
          0,           0,         316,      -9.299467641,      -9.324966345,      -8.837143783,      -8.777804807,      -8.829223225,      -14.20230049
          0,           0,         317,      -9.306272879,      -9.333818602,      -8.844718407,       -8.78530633,      -8.837044438,       -14.2154554
          0,           0,         318,      -9.313066238,      -9.342648852,      -8.852296978,      -8.792812213,      -8.844864212,      -14.22859737
          0,           0,         319,      -9.319847712,      -9.351457211,      -8.859879513,      -8.800322467,      -8.852682657,      -14.24172446
          0,           0,         320,      -9.326617317,      -9.360243804,      -8.867466066,      -8.807837138,       -8.86049991,      -14.25483455
          0,           0,         321,      -9.333375077,      -9.369008758,      -8.875056714,      -8.815356304,       -8.86831614,      -14.26792538
          0,           0,         322,      -9.340121029,      -9.377752227,       -8.88265155,      -8.822880058,      -8.876131522,      -14.28099459
          0,           0,         323,      -9.346855206,      -9.386474378,      -8.890250662,       -8.83040848,      -8.883946225,      -14.29403972
          0,           0,         324,      -9.353577626,      -9.395175382,      -8.897854112,      -8.837941619,      -8.891760393,      -14.30705824
          0,           0,         325,      -9.360288306,       -9.40385542,      -8.905461954,       -8.84547951,      -8.899574158,      -14.32004745
          0,           0,         326,      -9.366987252,      -9.412514667,       -8.91307422,      -8.853022166,      -8.907387639,      -14.33300463
          0,           0,         327,      -9.373674478,        -9.4211533,      -8.920690947,      -8.860569612,      -8.915200955,      -14.34592695
          0,           0,         328,      -9.380349979,      -9.429771474,      -8.928312158,      -8.868121855,      -8.923014215,      -14.35881135
          0,           0,         329,      -9.387013756,      -9.438369344,      -8.935937886,      -8.875678911,      -8.930827521,      -14.37165466
          0,           0,         330,      -9.393665799,      -9.446947049,      -8.943568157,       -8.88324079,      -8.938640972,       -14.3844536
          0,           0,         331,      -9.400306108,      -9.455504735,      -8.951203015,      -8.890807521,      -8.946454677,       -14.3972048
          0,           0,         332,      -9.406934693,      -9.464042552,      -8.958842524,      -8.898379149,      -8.954268766,      -14.40990474
          0,           0,         333,       -9.41355156,      -9.472560655,      -8.966486749,      -8.905955729,      -8.962083361,      -14.42254981
          0,           0,         334,      -9.420156712,      -9.481059198,      -8.974135773,      -8.913537321,      -8.969898579,      -14.43513614
          0,           0,         335,      -9.426750205,      -9.489539326,      -8.981789663,      -8.921123978,      -8.977714571,      -14.44766059
          0,           0,         336,      -9.433332042,      -9.498000256,      -8.989448489,      -8.928715755,      -8.985531473,      -14.46011883
          0,           0,         337,      -9.439902166,       -9.50644197,      -8.997112318,      -8.936312706,      -8.993349382,        -14.472507
          0,           0,         338,      -9.446460618,      -9.514864678,       -9.00478123,      -8.943914907,      -9.001168434,      -14.48482077
          0,           0,         339,      -9.453007427,      -9.523268626,      -9.012455288,      -8.951522414,      -9.008988768,      -14.49705563
          0,           0,         340,       -9.45954253,      -9.531654002,      -9.020134539,      -8.959135246,      -9.016810326,       -14.5092071
          0,           0,         341,      -9.466065874,      -9.540021073,      -9.027819051,      -8.966753469,      -9.024633199,      -14.52127081
          0,           0,         342,      -9.472577556,      -9.548370062,      -9.035508861,      -8.974377105,      -9.032457819,      -14.53324225
          0,           0,         343,      -9.479077647,      -9.556701236,      -9.043203996,      -8.982006181,      -9.040284505,      -14.54511733
          0,           0,         344,      -9.485566142,      -9.565014843,       -9.05090447,      -8.989640712,      -9.048113385,      -14.55689141
          0,           0,         345,      -9.492043026,      -9.573311116,      -9.058610324,      -8.997280735,      -9.055944492,      -14.56855984
          0,           0,         346,      -9.498508267,      -9.581590212,      -9.066321614,      -9.004926287,      -9.063777803,      -14.58011807
          0,           0,         347,      -9.504961863,      -9.589852236,      -9.074038428,      -9.012577437,      -9.071613298,      -14.59156161
          0,           0,         348,      -9.511403814,      -9.598097231,      -9.081760869,      -9.020234262,      -9.079451007,      -14.60288608
          0,           0,         349,       -9.51783413,      -9.606325235,      -9.089489026,      -9.027896831,      -9.087291001,      -14.61408717
          0,           0,         350,      -9.524252818,      -9.614536314,      -9.097222979,      -9.035565199,      -9.095133394,      -14.62516064
          0,           0,         351,      -9.530659866,      -9.622730552,      -9.104962769,      -9.043239389,      -9.102978296,      -14.63610248
          0,           0,         352,      -9.537055271,      -9.630908102,      -9.112708445,      -9.050919435,      -9.110825824,      -14.64690867
          0,           0,         353,      -9.543439007,      -9.639069114,      -9.120460035,      -9.058605352,      -9.118676077,      -14.65757546
          0,           0,         354,      -9.549811059,      -9.647213769,       -9.12821758,      -9.066297168,      -9.126529141,      -14.66809907
          0,           0,         355,      -9.556171384,       -9.65534223,      -9.135981107,      -9.073994896,      -9.134385087,      -14.67847599
          0,           0,         356,      -9.562519953,      -9.663454672,      -9.143750647,       -9.08169855,      -9.142243979,      -14.68870282
          0,           0,         357,      -9.568856743,      -9.671551276,      -9.151526243,      -9.089408157,      -9.150105903,      -14.69877644
          0,           0,         358,      -9.575181743,      -9.679632223,      -9.159307942,      -9.097123751,      -9.157970951,        -14.708694
          0,           0,         359,       -9.58149496,      -9.687697708,      -9.167095814,      -9.104845385,      -9.165839235,      -14.71845281
          0,           0,         360,       -9.58779638,      -9.695747879,      -9.174889906,      -9.112573093,       -9.17371084,      -14.72805063
          0,           0,         361,      -9.594086006,      -9.703782909,       -9.18269028,      -9.120306922,      -9.181585862,       -14.7374854
          0,           0,         362,      -9.600363827,      -9.711802935,      -9.190496988,      -9.128046911,      -9.189464387,      -14.74675554
          0,           0,         363,      -9.606629859,      -9.719808112,      -9.198310107,      -9.135793124,      -9.197346527,      -14.75585969
          0,           0,         364,      -9.612884106,      -9.727798571,      -9.206129708,      -9.143545626,       -9.20523239,      -14.76479689
          0,           0,         365,       -9.61912657,      -9.735774441,      -9.213955859,      -9.151304472,      -9.213122075,      -14.77356647
          0,           0,         366,      -9.625357249,      -9.743735852,       -9.22178863,      -9.159069718,      -9.221015678,      -14.78216812
          0,           0,         367,      -9.631576137,      -9.751682938,      -9.229628078,      -9.166841407,      -9.228913285,      -14.79060186
          0,           0,         368,      -9.637783239,      -9.759615814,      -9.237474273,      -9.174619596,      -9.236814998,      -14.79886816
          0,           0,         369,      -9.643978546,      -9.767534602,      -9.245327277,      -9.182404335,      -9.244720914,      -14.80696788
          0,           0,         370,       -9.65016206,      -9.775439424,      -9.253187158,      -9.190195675,      -9.252631119,      -14.81490204
          0,           0,         371,      -9.656333756,       -9.78333038,      -9.261053962,      -9.197993648,      -9.260545685,      -14.82267211
          0,           0,         372,      -9.662493628,      -9.791207584,      -9.268927746,      -9.205798289,      -9.268464689,      -14.83027981
          0,           0,         373,      -9.668641664,      -9.799071136,      -9.276808573,      -9.213609644,      -9.276388222,      -14.83772721
          0,           0,         374,      -9.674777864,      -9.806921147,      -9.284696508,      -9.221427761,      -9.284316365,      -14.84501668
          0,           0,         375,      -9.680902216,      -9.814757716,      -9.292591619,       -9.22925269,      -9.292249203,       -14.8521507
