"Time_Iter","Inner_Iter",    "rms[Rho]"    ,    "rms[RhoU]"   ,    "rms[RhoV]"   ,    "rms[RhoE]"   ,     "rms[nu]"    ,    "RefForce"    ,       "CD"       ,       "CL"       ,       "CSF"      ,       "CMx"      ,       "CMy"      ,       "CMz"      ,       "CFx"      ,       "CFy"      ,       "CFz"      ,      "CEff"      ,     "Buffet"     ,   "relrms[Rho]"  ,  "relrms[RhoU]"  ,  "relrms[RhoV]"  ,  "relrms[RhoE]"  ,   "relrms[nu]"   , "tavg[RefForce]" ,    "tavg[CD]"    ,    "tavg[CL]"    ,    "tavg[CSF]"   ,    "tavg[CMx]"   ,    "tavg[CMy]"   ,    "tavg[CMz]"   ,    "tavg[CFx]"   ,    "tavg[CFy]"   ,    "tavg[CFz]"   ,   "tavg[CEff]"   ,  "tavg[Buffet]"  ,"Cauchy[tavg[CD]]","Cauchy[tavg[CL]]"
        499,           9,      -8.303321263,      -4.333619497,      -5.005762198,      -2.384191219,      -3.749394297,      0.9329898399,      0.3026984125,      0.6188715891,                 0,                 0,                 0,      0.0166681992,        0.10853139,      0.6803302949,                 0,       2.044515476,      0.8454365051,      -3.003497126,      -1.768872595,      -2.583347786,      -2.574694698,       -2.68993039,                 0,                 0,                 0,                 0,                 0,                 0,                 0,                 0,                 0,                 0,                 0,                 0,                 0,                 0
        500,           9,      -8.203660675,      -4.266874546,      -4.909214557,      -2.279448722,      -3.767351756,      0.9329898399,      0.3037041593,      0.6292725611,                 0,                 0,                 0,     0.02112390595,      0.1064522405,      0.6905708458,                 0,        2.07199191,      0.8454365051,      -2.903016652,       -1.70076596,      -2.486423952,      -2.469493233,      -2.706811936,                 0,                 0,                 0,                 0,                 0,                 0,                 0,                 0,                 0,                 0,                 0,                 0,                 1,                 1
        501,           9,        -8.1609147,      -4.242616283,      -4.891691627,      -2.207851895,      -3.786851827,      0.9329898399,      0.3050684992,      0.6423777385,                 0,                 0,                 0,     0.02629047583,      0.1039253822,      0.7035022836,                 0,        2.10568361,      0.8534320066,      -2.859323217,      -1.675449122,      -2.467753345,      -2.397458534,      -2.724460862,                 0,                 0,                 0,                 0,                 0,                 0,                 0,                 0,                 0,                 0,                 0,                 0,                 1,                 1
        502,           9,      -8.190476054,      -4.281330529,      -4.913327097,      -2.216459927,      -3.729075217,      0.9329898399,       0.307793021,      0.6603404017,                 0,                 0,                 0,     0.03406470236,      0.1012790809,       0.721476637,                 0,       2.145404076,      0.8534320066,      -2.888624558,      -1.713714136,      -2.487529032,      -2.406028585,      -2.666207961,      0.8293243022,      0.2711719993,      0.5710024342,                 0,                 0,                 0,     0.02336931184,     0.09237811748,      0.6253353632,                 0,       1.871718764,      0.7586062281,                 1,                 1
        503,           9,      -8.260237663,      -4.323527274,      -5.151087587,       -2.26404335,      -3.684381748,      0.9329898399,      0.3108589707,      0.6804309287,                 0,                 0,                 0,     0.04196828774,     0.09833716155,      0.7415857004,                 0,       2.188873389,      0.8702730945,      -2.958618097,       -1.75555318,      -2.722777616,      -2.453732653,      -2.621747484,      0.6997423799,      0.2298230701,      0.4885193026,                 0,                 0,                 0,     0.02263319182,     0.07695167365,      0.5343670952,                 0,       1.594157882,      0.6400740049,                 1,                 1
        504,           9,      -8.264681947,       -4.35661038,      -5.121663942,      -2.327245202,      -3.713399413,      0.9329898399,      0.3151381269,      0.7039289672,                 0,                 0,                 0,     0.05138879564,      0.0955591774,      0.7653080906,                 0,       2.233715654,      0.8144160093,      -2.963106474,      -1.787929021,      -2.690647779,       -2.51681367,      -2.649851805,      0.7463918719,      0.2462799405,      0.5285560365,                 0,                 0,                 0,     0.02726900973,     0.08098384897,      0.5774659376,                 0,       1.716823107,      0.6849910836,                 1,                 1
        505,           9,      -8.204072413,      -4.443939807,      -5.054918364,      -2.399211485,        -3.6958651,      0.9329898399,      0.3203007406,      0.7305975579,                 0,                 0,                 0,      0.0621340773,     0.09269906808,      0.7923207929,                 0,       2.280973677,      0.7768078298,      -2.901850346,      -1.874035119,      -2.621667032,      -2.588284409,      -2.631442285,      0.7774915333,      0.2578541379,      0.5589483773,                 0,                 0,                 0,     0.03176774914,     0.08316644846,      0.6099142454,                 0,       1.806220659,      0.7152471938,                 1,                 1
        506,           9,      -8.255255574,      -4.445688745,       -4.92567595,      -2.416006094,      -3.814400677,      0.9329898399,      0.3259583477,      0.7586890878,                 0,                 0,                 0,     0.07335631669,     0.08989629623,      0.8208389808,                 0,       2.327564528,       0.768782064,      -2.951788808,      -1.874429447,      -2.490888139,      -2.604455682,      -2.748809052,      0.7997055771,      0.2667974548,      0.5842451066,                 0,                 0,                 0,      0.0364047295,     0.08432293713,      0.6367204007,                 0,       1.876683549,       0.727743845,                 1,                 1
        507,           9,      -8.254181004,      -4.431389728,       -4.92035107,      -2.392219296,      -3.772593825,      0.9329898399,      0.3318280331,      0.7881733455,                 0,                 0,                 0,     0.08499244096,     0.08688914162,      0.8507510465,                 0,       2.375246413,      0.7846395466,      -2.949507226,      -1.859086535,      -2.484440755,      -2.580291638,      -2.704634243,      0.8163661099,      0.2741942803,      0.6066740934,                 0,                 0,                 0,     0.04127194956,     0.08483895545,        0.66033197,                 0,       1.935480496,      0.7295319818,                 1,                 1
        508,           9,      -8.296766495,       -4.51862716,      -5.030017396,      -2.469185746,      -3.814295023,      0.9329898399,       0.337923597,      0.8183748924,                 0,                 0,                 0,     0.09663289789,     0.08388828061,      0.8814150998,                 0,       2.421774921,      0.7625136174,      -2.991669947,       -1.94575384,      -2.592697038,      -2.657372155,      -2.745484485,      0.8293243022,      0.2806129742,      0.6273707846,                 0,                 0,                 0,     0.04636291042,     0.08492605602,      0.6820009587,                 0,       1.986542458,      0.7274331851,                 1,                 1
        509,           9,      -8.338166417,      -4.511859411,       -5.17059101,      -2.492896966,      -3.814504371,      0.9329898399,       0.343932325,      0.8479785885,                 0,                 0,                 0,      0.1076523511,     0.08097917263,      0.9114820373,                 0,       2.465539081,      0.7776530088,      -3.033649341,      -1.938773766,      -2.731073753,      -2.681586161,      -2.746290764,      0.8396908559,       0.286372209,      0.6469584113,                 0,                 0,                 0,     0.05164179624,     0.08470677183,      0.7024165365,                 0,       2.032190456,      0.7254483226,                 1,                 1
        510,           9,      -8.338949691,      -4.549539289,      -5.225169985,       -2.57687273,      -3.768990114,      0.9329898399,      0.3495519954,      0.8758767538,                 0,                 0,                 0,      0.1177420262,     0.07819665598,      0.9398042181,                 0,       2.505712356,      0.7436158993,       -3.03543191,      -1.976253646,      -2.782852909,      -2.766006296,      -2.702118224,      0.8481725818,      0.2916638312,      0.6658027007,                 0,                 0,                 0,     0.05706718087,     0.08425763831,      0.7219845407,                 0,       2.073877609,      0.7245507684,     0.03743616896,      0.0830768964
        511,           9,      -8.421890244,      -4.475558279,      -5.166135851,      -2.581806924,      -3.608738836,      0.9329898399,      0.3546274867,      0.9008801819,                 0,                 0,                 0,      0.1264973906,     0.07574007755,      0.9651990453,                 0,       2.540356334,      0.7782145736,      -3.118972834,      -1.901901732,      -2.721244121,      -2.770946797,      -2.542890092,      0.8552406866,      0.2966080796,      0.6841100684,                 0,                 0,                 0,     0.06259098671,     0.08363329029,      0.7409375219,                 0,       2.112513794,      0.7245461811,      0.0379305938,     0.08490763317
        512,           9,      -8.392840268,      -4.429111483,      -5.086230929,      -2.570013118,      -3.495049143,      0.9329898399,      0.3589314471,       0.921382812,                 0,                 0,                 0,       0.133136666,     0.07386158644,      0.9860641642,                 0,       2.567016124,      0.7459121453,      -3.089763663,      -1.854928395,       -2.63947516,      -2.758751051,      -2.429790456,      0.8612213907,      0.3012787873,      0.7019764885,                 0,                 0,                 0,     0.06815850404,     0.08287627458,      0.7593888472,                 0,       2.148661081,      0.7249607093,     0.01128046465,     0.02959403175
        513,           9,      -8.384000462,      -4.401638111,      -5.096950831,      -2.550945516,      -3.456566288,      0.9329898399,      0.3623215981,       0.937003716,                 0,                 0,                 0,      0.1375071255,     0.07253649365,       1.001993693,                 0,       2.586110574,      0.7459121453,      -3.080300794,      -1.826963812,       -2.64922866,      -2.739222395,       -2.39132566,      0.8663477085,      0.3057184995,       0.719420152,                 0,                 0,                 0,      0.0737109377,     0.08202195887,      0.7773683517,                 0,       2.182654887,      0.7255063948,    0.007589542949,     0.02309008494
        514,           9,      -8.356101984,      -4.388593048,      -5.057254145,      -2.525133847,      -3.447435183,      0.9329898399,      0.3646123756,      0.9467825261,                 0,                 0,                 0,      0.1392985872,     0.07186812773,       1.012014974,                 0,       2.596682366,        0.74387735,      -3.051878834,       -1.81367169,      -2.609134217,      -2.713216881,      -2.381404748,      0.8707905173,      0.3099488548,      0.7364031577,                 0,                 0,                 0,     0.07918594748,     0.08110211739,       0.794846117,                 0,       2.214673492,      0.7260773572,    0.006366891429,     0.02078471211
        515,           9,      -8.330206744,      -4.387595492,      -5.051725252,       -2.50496842,      -3.462124269,      0.9329898399,      0.3657208933,      0.9501193249,                 0,                 0,                 0,      0.1383662763,     0.07195262294,        1.01553007,                 0,        2.59793559,      0.7486881119,       -3.02601553,       -1.81269509,      -2.603339662,      -2.693262704,      -2.395696422,      0.8746779749,      0.3139776308,       0.752848852,                 0,                 0,                 0,     0.08451815938,      0.0801465993,      0.8117511128,                 0,       2.244787472,      0.7265629967,     0.00561234929,     0.01939004747
        516,           9,      -8.284942326,      -4.411263379,      -4.942148781,      -2.512595612,      -3.475164683,      0.9329898399,      0.3652722727,      0.9456350138,                 0,                 0,                 0,      0.1340373633,     0.07283469054,       1.011110538,                 0,       2.588849701,      0.7419752941,      -2.981405673,      -1.836433483,      -2.493258731,      -2.701418147,      -2.409753466,      0.8781080846,      0.3178034506,      0.7686566404,                 0,                 0,                 0,     0.08964101665,     0.07918349896,      0.8279867375,                 0,       2.272999471,      0.7268817687,    0.005100599577,     0.01844115338
        517,           9,      -8.290489811,      -4.410814743,      -4.953650479,      -2.505205496,      -3.456645551,      0.9329898399,       0.362984286,      0.9327771057,                 0,                 0,                 0,      0.1259388352,     0.07440596651,      0.9981455169,                 0,       2.569745142,      0.7424056391,      -2.987789286,      -1.835955223,      -2.503998737,      -2.694512494,      -2.392711898,       0.881157071,      0.3214189255,      0.7837128098,                 0,                 0,                 0,     0.09448890475,     0.07823899692,      0.8434420865,                 0,       2.299271851,      0.7270148867,    0.004722464518,     0.01770387164
        518,           9,      -8.283498137,      -4.387635361,      -4.936292886,      -2.471922365,      -3.416253787,      0.9329898399,      0.3595322851,      0.9138152074,                 0,                 0,                 0,      0.1158590881,     0.07664872416,       0.979002896,                 0,       2.541677744,      0.7424056391,      -2.981214543,       -1.81284645,      -2.486227246,      -2.661273104,      -2.353928139,      0.8838851115,      0.3248124729,      0.7978968347,                 0,                 0,                 0,     0.09899821992,     0.07733725491,      0.8579985142,                 0,        2.32354351,      0.7269889458,    0.004419949872,     0.01705260501
        519,           9,      -8.307774812,       -4.37615869,      -4.967088538,      -2.467738044,      -3.369779504,      0.9329898399,      0.3547650272,      0.8886371707,                 0,                 0,                 0,      0.1038304069,     0.07945111825,      0.9535312084,                 0,       2.504861254,      0.7371319661,       -3.00521657,      -1.801920258,      -2.517576114,       -2.65669075,      -2.308816844,      0.8863403479,      0.3279691669,      0.8110847727,                 0,                 0,                 0,      0.1031074142,      0.0765002364,        0.87153313,                 0,       2.345740478,      0.7268452832,    0.004159695788,     0.01641263615
        520,           9,      -8.301036497,      -4.349631661,      -4.996506725,      -2.455933866,      -3.351077954,      0.9329898399,      0.3487100859,      0.8573462814,                 0,                 0,                 0,     0.08993043015,     0.08280931981,      0.9218372887,                 0,       2.458621978,      0.7339503215,      -2.997749174,       -1.77648407,      -2.548332577,       -2.64434243,      -2.290759652,      0.8885617523,      0.3308718451,      0.8231537924,                 0,                 0,                 0,      0.1067583341,     0.07574744154,       0.883923452,                 0,       2.365784523,      0.7266253459,    0.003920801391,     0.01573510918
        521,           9,      -8.360823678,      -4.323121342,      -5.014440462,      -2.462975971,      -3.346251145,      0.9329898399,      0.3421594867,      0.8235913241,                 0,                 0,                 0,     0.07610087338,     0.08641394504,      0.8876420526,                 0,       2.407039279,      0.7298652694,      -3.056908013,      -1.751395232,      -2.568312138,      -2.651066321,      -2.286091769,      0.8905812108,       0.333502713,      0.8339882586,                 0,                 0,                 0,      0.1098990855,     0.07509566172,      0.8950536949,                 0,       2.383600527,      0.7263616424,     0.00368946334,     0.01498781902
        522,           9,      -8.296291651,       -4.25132872,      -4.950219485,       -2.38773726,      -3.358811397,      0.9329898399,      0.3355805015,      0.7889372687,                 0,                 0,                 0,     0.06313811678,     0.09025429544,      0.8525787055,                 0,        2.35096278,      0.7049219162,       -2.99240473,      -1.681219045,      -2.506624468,      -2.575995771,      -2.298017893,      0.8924250643,      0.3358448393,      0.8434851043,                 0,                 0,                 0,      0.1124867009,      0.0745588392,       0.904820345,                 0,       2.399121591,      0.7260734438,    0.003456605193,     0.01415086158
        523,           9,      -8.334026319,      -4.236994094,      -4.970019314,      -2.382502028,      -3.367894276,      0.9329898399,      0.3289695457,      0.7541536584,                 0,                 0,                 0,     0.05099277603,     0.09410195038,      0.8173821171,                 0,       2.292472566,       0.692867853,      -3.031033763,      -1.668474002,      -2.528914577,      -2.571412937,      -2.307133692,      0.8941152633,      0.3378835224,      0.8515585763,                 0,                 0,                 0,      0.1144893285,     0.07414798685,      0.9131370979,                 0,       2.412293075,      0.7257670029,    0.003216502289,     0.01321384243
        524,           9,      -8.304962698,      -4.192603736,      -5.009980259,      -2.351899936,      -3.397612095,      0.9329898399,      0.3231695009,      0.7213943366,                 0,                 0,                 0,     0.04076859316,     0.09813323869,      0.7843584529,                 0,       2.232247581,      0.6795639829,      -3.003450475,      -1.625134532,      -2.570900157,      -2.541680855,      -2.337069055,      0.8956702463,       0.339607632,       0.858144767,                 0,                 0,                 0,      0.1158880957,     0.07387114518,      0.9199395843,                 0,       2.423076624,      0.7254318641,    0.002965877715,     0.01217416093
        525,           9,      -8.195573562,      -4.143809171,      -4.977638097,      -2.295559914,      -3.404205844,      0.9329898399,      0.3180892253,      0.6920602409,                 0,                 0,                 0,     0.03241389049,      0.1018514066,      0.7548207889,                 0,       2.175679607,      0.6325832127,      -2.895519614,      -1.576593359,      -2.540055415,      -2.485969296,      -2.343531453,      0.8971056153,      0.3410106871,      0.8632050602,                 0,                 0,                 0,      0.1166781566,     0.07373340698,      0.9251889803,                 0,       2.431453712,      0.7250393269,    0.002703305638,     0.01103562082
        526,           9,      -8.167025726,      -4.122471096,      -4.888370682,       -2.25026275,      -3.446209669,      0.9329898399,      0.3135552405,      0.6662040828,                 0,                 0,                 0,     0.02566738319,      0.1050751443,       0.728768813,                 0,       2.124678515,      0.6550529072,      -2.867547995,      -1.554779821,      -2.451935042,      -2.440545981,      -2.385469067,      0.8984346607,      0.3420915786,      0.8667280083,                 0,                 0,                 0,       0.116868751,     0.07373705831,      0.9288740145,                 0,       2.437428127,      0.7245473947,    0.002428812804,    0.009807136789
        527,           9,      -8.166691338,       -4.14592527,      -4.886007445,      -2.254641304,      -3.305568323,      0.9329898399,       0.309851109,      0.6437457635,                 0,                 0,                 0,     0.01987511097,      0.1080990429,      0.7062088322,                 0,       2.077597093,      0.6550529072,      -2.866512004,      -1.577735055,      -2.450927484,      -2.444070625,      -2.245311328,      0.8996687742,      0.3428549086,      0.8687297311,                 0,                 0,                 0,      0.1164823969,     0.07388178731,      0.9310114476,                 0,        2.44102777,      0.7239028892,    0.002143598312,    0.008501692131
        528,           9,      -8.236514686,      -4.172972004,      -4.993264935,      -2.296334364,       -3.21621669,      0.9329898399,      0.3072757609,      0.6263666068,                 0,                 0,                 0,     0.01599693894,       0.110717399,      0.6888361031,                 0,        2.03845108,      0.6362368011,      -2.934735575,      -1.604961366,      -2.559822925,      -2.484615587,      -2.157046754,      0.9008177765,      0.3433108564,      0.8692528513,                 0,                 0,                 0,      0.1155532874,      0.0741648668,      0.9316450162,                 0,       2.442306147,      0.7230500554,    0.001849838351,    0.007135601666
        529,           9,      -8.206568664,      -4.191406302,      -4.907205688,      -2.317263771,      -3.184598361,      0.9329898399,      0.3052869722,      0.6136819232,                 0,                 0,                 0,     0.01329270875,      0.1125241534,      0.6761242143,                 0,       2.010180515,      0.6543425165,      -2.903007657,      -1.624526584,      -2.475514936,      -2.504483616,      -2.125893504,      0.9018901786,      0.3434746365,      0.8683640353,                 0,                 0,                 0,      0.1141250337,     0.07458135515,      0.9308429219,                 0,        2.44134288,      0.7219443972,    0.001550546968,    0.005905689467
        530,           9,      -8.135827148,       -4.19084014,      -4.777593744,      -2.265211769,      -3.210545094,      0.9329898399,      0.3037304496,      0.6046524111,                 0,                 0,                 0,     0.01118120119,      0.1136756173,      0.6670341657,                 0,       1.990753353,      0.6543425165,      -2.831049389,       -1.62582022,      -2.347364196,      -2.451827944,      -2.150872927,      0.9028933935,      0.3433657351,      0.8661506124,                 0,                 0,                 0,      0.1122481281,     0.07512435442,      0.9286943753,                 0,        2.43824298,      0.7205586471,    0.001271169286,    0.004920129784
        531,           9,      -8.093332433,      -4.188098462,      -4.782650446,      -2.222726939,      -3.234642725,      0.9329898399,      0.3029130807,      0.6003318858,                 0,                 0,                 0,     0.01068528163,      0.1141571629,      0.6626634513,                 0,       1.981861874,      0.6878256123,      -2.788185575,      -1.624795794,      -2.353237624,      -2.409257607,      -2.174532755,      0.9038339074,      0.3430070221,      0.8627167725,                 0,                 0,                 0,      0.1099774658,     0.07578527308,      0.9253057003,                 0,       2.433135406,      0.7188845387,    0.001043953794,    0.004180067158
        532,           9,      -8.175619838,      -4.250114716,      -4.840352637,      -2.298877414,      -3.282350194,      0.9329898399,      0.3023378037,      0.5988382756,                 0,                 0,                 0,     0.01094467656,      0.1140437121,      0.6610669101,                 0,       1.980692683,      0.7548536007,      -2.870616096,      -1.687399509,      -2.411097304,      -2.485600932,      -2.221666453,      0.9047174205,      0.3424237786,      0.8581795606,                 0,                 0,                 0,      0.1073700444,     0.07655406693,      0.9207962192,                 0,       2.426170995,      0.7169329116,   0.0008680655189,    0.003684103773
        533,           9,      -8.259070817,      -4.218033683,      -4.987374101,      -2.327746902,      -3.284106455,      0.9329898399,      0.3025070751,      0.6021423598,                 0,                 0,                 0,      0.0132306316,      0.1132395664,      0.6642761117,                 0,         1.9905067,      0.8245269744,      -2.954072273,      -1.654519246,      -2.557777627,      -2.514572149,      -2.222070607,      0.9055489623,      0.3416427321,      0.8526649115,                 0,                 0,                 0,      0.1044829971,     0.07741947582,      0.9152941781,                 0,       2.417519723,      0.7147331917,   0.0007423018524,    0.003428221489
        534,           9,      -8.177045576,      -4.190642315,      -4.854960455,      -2.302938565,      -3.358270911,      0.9329898399,       0.302624276,      0.6073193206,                 0,                 0,                 0,     0.01575785916,      0.1118380493,      0.6692611302,                 0,       2.006842705,      0.8245269744,      -2.871669182,      -1.625393989,      -2.424785887,      -2.489624539,      -2.294861859,      0.9063329874,      0.3406911683,      0.8463039047,                 0,                 0,                 0,      0.1013720432,     0.07836926918,      0.9089329067,                 0,       2.407367326,      0.7123351158,   0.0006650472848,    0.003405703097
        535,           9,      -8.102541077,      -4.187750184,       -4.78219665,      -2.246413305,      -3.387911521,      0.9329898399,      0.3036412519,       0.616934283,                 0,                 0,                 0,     0.02034320628,      0.1099994453,      0.6787532994,                 0,       2.031786785,      0.8454365051,      -2.796765888,      -1.620492575,      -2.350784418,      -2.432912865,      -2.322484754,      0.9070734555,      0.3395961694,      0.8392294108,                 0,                 0,                 0,     0.09809038157,     0.07939049842,      0.9018473879,                 0,       2.395911512,      0.7098104522,   0.0006342416506,    0.003607123167
        536,           9,       -8.12604149,      -4.202926937,      -4.851609385,      -2.220312349,      -3.406514578,      0.9329898399,      0.3051799509,      0.6297721361,                 0,                 0,                 0,     0.02595176018,      0.1077174854,      0.6914800714,                 0,       2.063609141,      0.8346159004,      -2.820309952,      -1.633926522,       -2.41827748,      -2.406829564,      -2.340588162,      0.9077738983,      0.3383839934,      0.8315732021,                 0,                 0,                 0,     0.09468795995,     0.08046974757,      0.8941713131,                 0,       2.383357992,      0.7072492782,   0.0006473700992,     0.00402044923
        537,           9,      -8.194922907,      -4.273837625,       -4.90617631,      -2.257651104,      -3.406916397,      0.9329898399,      0.3073150746,      0.6459161329,                 0,                 0,                 0,     0.03293054504,      0.1050392665,      0.7075429021,                 0,        2.10180426,      0.8534320066,      -2.889523664,      -1.703260282,      -2.470135055,      -2.444251286,      -2.340991957,      0.9084374757,      0.3370796053,      0.8234635726,                 0,                 0,                 0,      0.0912110496,     0.08159338121,      0.8860346697,                 0,       2.369916494,      0.7047515203,   0.0007014759082,    0.004631239893
        538,           9,      -8.294569455,       -4.29971273,      -5.098034124,      -2.292454355,      -3.425580777,      0.9329898399,      0.3100286295,      0.6644085496,                 0,                 0,                 0,     0.04026498878,      0.1022275926,      0.7260206548,                 0,       2.143055467,      0.7825742699,       -2.98927767,      -1.727475887,      -2.659090833,      -2.478947078,      -2.359035529,      0.9090670235,       0.335706373,      0.8150235213,                 0,                 0,                 0,     0.08770207982,      0.0827477848,      0.8775619142,                 0,       2.355797004,      0.7024173284,   0.0007932043603,    0.005422932999
        539,           9,      -8.262278878,      -4.373450094,      -5.053565164,      -2.360146099,      -3.459508448,      0.9329898399,      0.3138081064,      0.6868708383,                 0,                 0,                 0,     0.04922749954,     0.09927458669,      0.7486064604,                 0,       2.188824394,      0.7994153578,      -2.956453707,      -1.799370922,      -2.612055614,      -2.546228099,      -2.391964387,      0.9096650939,      0.3342859014,      0.8063694449,                 0,                 0,                 0,     0.08419964943,     0.08391958814,       0.868870674,                 0,       2.341206351,      0.7003386434,   0.0009188735123,    0.006199459044
        540,           9,      -8.237496395,      -4.408915936,      -4.937982475,      -2.386067949,      -3.482153252,      0.9329898399,      0.3185205508,       0.711927362,                 0,                 0,                 0,     0.05930976728,      0.0964553011,      0.7739459186,                 0,       2.235106527,      0.7768078298,      -2.930528998,      -1.832992196,      -2.494516849,      -2.571595039,      -2.413856058,      0.9102339902,      0.3328379759,      0.7976102545,                 0,                 0,                 0,     0.08073863645,     0.08509586949,      0.8600708862,                 0,       2.326345154,      0.6985917397,    0.001052775922,    0.006854035789
        541,           9,      -8.215378509,      -4.423415556,      -4.885188024,      -2.377723766,      -3.507580725,      0.9329898399,      0.3237072018,      0.7391638948,                 0,                 0,                 0,     0.07014661677,     0.09345212863,      0.8015087745,                 0,        2.28343358,       0.751520186,      -2.907144661,      -1.845956242,      -2.440192762,      -2.562844862,      -2.437354724,      0.9107757961,      0.3313805967,      0.7888468609,                 0,                 0,                 0,     0.07735036817,     0.08626433918,      0.8512643148,                 0,       2.311405174,      0.6972322047,    0.001162642536,    0.007386991157
        542,           9,      -8.232436573,      -4.448443037,      -4.910543801,      -2.382396643,      -3.553840713,      0.9329898399,      0.3293015426,      0.7680170184,                 0,                 0,                 0,     0.08162703185,     0.09036618642,      0.8307367807,                 0,       2.332260615,      0.7846395466,       -2.92346386,      -1.869842155,      -2.463897242,       -2.56748567,      -2.482756403,      0.9112924018,      0.3299300849,      0.7801719677,                 0,                 0,                 0,     0.07406284103,     0.08741350117,      0.8425443846,                 0,       2.296567075,      0.6962935272,    0.001249369369,    0.007800759293
        543,           9,        -8.3055277,      -4.517511471,      -5.030547109,      -2.452737051,      -3.598951353,      0.9329898399,       0.334847369,      0.7968975706,                 0,                 0,                 0,     0.09253834488,     0.08722583028,      0.8599768329,                 0,       2.379883029,      0.7545579918,      -2.996692752,      -1.938120096,      -2.581703016,       -2.63817278,      -2.528452463,      0.9117855254,      0.3285012241,      0.7716700811,                 0,                 0,                 0,      0.0709009612,     0.08853278581,      0.8339962315,                 0,       2.281998605,      0.6957876725,    0.001314150804,    0.008099483036
        544,           9,      -8.396635467,      -4.514803949,       -5.14210853,      -2.496636661,        -3.6448944,      0.9329898399,      0.3404713106,      0.8257904487,                 0,                 0,                 0,      0.1033050848,     0.08415657235,       0.889251511,                 0,       2.425433283,       0.732282831,      -3.088542906,      -1.934711274,      -2.690562316,      -2.682524472,      -2.575532087,      0.9122567324,      0.3271074041,      0.7634176543,                 0,                 0,                 0,     0.06788677847,      0.0896126452,       0.825696883,                 0,        2.26785321,      0.6957078881,    0.001358376419,    0.008288625037
        545,           9,      -8.468171239,      -4.508455202,      -5.235191445,      -2.557211039,       -3.59502716,      0.9329898399,      0.3460050279,      0.8539378892,                 0,                 0,                 0,      0.1136890349,     0.08121897737,      0.9177869446,                 0,       2.467992718,      0.7436158993,       -3.16077289,      -1.927591436,      -2.781118352,      -2.743331041,      -2.526688706,      0.9127074521,      0.3257607432,      0.7554832911,                 0,                 0,                 0,     0.06503968442,     0.09064461034,      0.8177154882,                 0,       2.254269064,      0.6960324829,    0.001383542619,    0.008374611973
        546,           9,      -8.421790008,        -4.4828121,      -5.089510304,      -2.578554575,      -3.481233366,      0.9329898399,      0.3509262025,      0.8787997665,                 0,                 0,                 0,      0.1224504736,     0.07865621062,      0.9430012883,                 0,       2.504229551,      0.7782145736,      -3.114589198,      -1.901075587,      -2.633552887,      -2.764600041,      -2.413435963,      0.9131389923,      0.3244721782,      0.7479279595,                 0,                 0,                 0,     0.06237656129,     0.09162131467,      0.8101135486,                 0,       2.241368454,      0.6967281856,    0.001391181524,    0.008364524263
        547,           9,      -8.387404839,      -4.437469035,      -5.068592654,      -2.549756538,      -3.457004706,      0.9329898399,      0.3552703833,       0.900017418,                 0,                 0,                 0,      0.1295805418,     0.07660713037,      0.9645619449,                 0,       2.533330839,      0.7459121453,      -3.079956016,       -1.85492747,      -2.611575775,      -2.735599298,      -2.389549218,      0.9135525516,      0.3232515232,      0.7408051959,                 0,                 0,                 0,     0.05991188913,     0.09253649103,       0.802945131,                 0,        2.22925748,      0.6977535706,    0.001382808211,    0.008265837669
        548,           9,       -8.37148851,      -4.407541963,      -5.100506933,       -2.51744293,      -3.444284025,      0.9329898399,      0.3586504731,      0.9162935934,                 0,                 0,                 0,      0.1343102083,     0.07508083321,      0.9811151714,                 0,       2.554837264,      0.7459121453,       -3.06377152,      -1.824525359,      -2.643006225,      -2.703214299,      -2.376304187,       0.913949231,      0.3221074998,      0.7341612731,                 0,                 0,                 0,     0.05765781148,     0.09338495104,      0.7962570359,                 0,       2.218025996,      0.6990627799,    0.001359887321,    0.008086224823
        549,           9,      -8.331054778,      -4.402027511,      -5.018461198,      -2.498189166,      -3.450370635,      0.9329898399,      0.3610543862,      0.9269806359,                 0,                 0,                 0,      0.1364534533,     0.07425511797,      0.9920380772,                 0,       2.567426602,        0.74387735,      -3.023464199,       -1.81897216,      -2.560590198,      -2.684156614,      -2.382512095,      0.9143300431,      0.3210477399,      0.7280353127,                 0,                 0,                 0,     0.05562416004,     0.09416255509,      0.7900889071,                 0,       2.207747723,      0.7006085695,    0.001323816149,    0.007833413213
        550,           9,      -8.347370276,      -4.393586835,       -5.09195367,      -2.490317466,      -3.447508674,      0.9329898399,      0.3623448805,      0.9316728499,                 0,                 0,                 0,      0.1360325183,     0.07411735315,      0.9969025678,                 0,       2.571232271,        0.74387735,      -3.040457117,      -1.810791029,      -2.633515193,      -2.676732902,      -2.380669616,      0.9146959215,      0.3200787691,      0.7224593478,                 0,                 0,                 0,     0.05381844537,      0.0948661781,      0.7844732857,                 0,       2.198480501,      0.7023443521,    0.001275920674,    0.007515090666
        551,           9,      -8.294769088,      -4.420774646,      -4.978546002,      -2.515130605,      -3.467546553,      0.9329898399,      0.3621480539,      0.9282315706,                 0,                 0,                 0,      0.1321170054,     0.07493525968,      0.9935541095,                 0,       2.563127319,      0.7047974595,      -2.988784291,      -1.838269173,      -2.519300229,      -2.702019488,      -2.402641271,      0.9150477276,      0.3192059769,      0.7174583478,                 0,                 0,                 0,     0.05224582296,     0.09549367367,      0.7794356258,                 0,        2.19026666,      0.7042256927,    0.001217461979,    0.007138851316
        552,           9,      -8.303886434,      -4.430578822,      -4.989249987,      -2.536437007,      -3.467006499,      0.9329898399,      0.3601278197,      0.9170051922,                 0,                 0,                 0,      0.1245529829,     0.07628557541,      0.9822276111,                 0,       2.546332558,      0.7424056391,       -2.99851288,      -1.848415238,      -2.529331019,      -2.723474869,      -2.403978735,       0.915386258,      0.3184335815,      0.7130502276,                 0,                 0,                 0,     0.05090904915,     0.09604383786,      0.7749942929,                 0,       2.183133505,      0.7062113245,    0.001149650342,    0.006712174014
        553,           9,       -8.30809604,       -4.39450041,      -4.954728096,      -2.492946306,       -3.42965568,      0.9329898399,      0.3568465385,      0.8988136197,                 0,                 0,                 0,      0.1143922967,     0.07846637166,        0.96387157,                 0,       2.518767938,      0.7424056391,      -3.002649308,      -1.812959403,      -2.495040573,      -2.679682363,      -2.368235689,      0.9157122503,      0.3177645949,      0.7092458564,                 0,                 0,                 0,     0.04980843703,      0.0965163733,      0.7711605619,                 0,       2.177093883,      0.7082635711,    0.001073662915,    0.006242422477
        554,           9,      -8.328655148,       -4.38757139,      -5.020540484,      -2.499627349,      -3.373430215,      0.9329898399,      0.3522001696,      0.8745210171,                 0,                 0,                 0,      0.1023384004,     0.08112549666,      0.9392819718,                 0,       2.483022703,      0.7014182031,      -3.022558896,      -1.807158719,       -2.56198648,      -2.685831363,      -2.313380994,      0.9160263883,      0.3172007901,      0.7060490774,                 0,                 0,                 0,      0.0489418189,      0.0969118518,      0.7679386264,                 0,       2.172146841,      0.7103486049,   0.0009906613949,    0.005736857694
        555,           9,      -8.325108467,      -4.369792318,      -5.002518216,      -2.490966093,      -3.355323854,      0.9329898399,      0.3464360705,       0.844428125,                 0,                 0,                 0,     0.08874819447,     0.08441157141,      0.9088187365,                 0,       2.437471721,      0.7339503215,      -3.018227038,      -1.790968584,       -2.54586341,      -2.676728816,      -2.296161605,      0.9163293071,      0.3167426757,      0.7034567672,                 0,                 0,                 0,     0.04830452904,     0.09723167294,      0.7653256481,                 0,       2.168278367,       0.712436736,   0.0009018067555,    0.005202652392
        556,           9,      -8.361367526,      -4.329299478,      -4.995617025,      -2.477892669,      -3.334159632,      0.9329898399,      0.3400108137,      0.8110677066,                 0,                 0,                 0,     0.07468382728,     0.08802071016,      0.8750374464,                 0,       2.385417387,      0.7190446647,      -3.054126051,       -1.75230386,      -2.541489361,      -2.663613989,      -2.274948634,      0.9166215971,      0.3163894854,      0.7014589621,                 0,                 0,                 0,     0.04788942573,     0.09747801708,      0.7633118748,                 0,       2.165462228,      0.7145023098,   0.0008082692786,    0.004646899734
        557,           9,      -8.319744235,      -4.257282421,      -4.968900399,      -2.400461793,      -3.344346159,      0.9329898399,      0.3335913392,      0.7769716097,                 0,                 0,                 0,     0.06159468359,      0.0918504702,      0.8405543142,                 0,       2.329112055,      0.6868197881,      -3.012937918,      -1.682196019,      -2.517577868,        -2.5866293,        -2.2856165,      0.9169038082,      0.3161391878,      0.7000390743,                 0,                 0,                 0,     0.04768696538,      0.0976537913,      0.7618808494,                 0,       2.163660889,      0.7165234915,   0.0007112335444,    0.004076612164
        558,           9,      -8.327349309,      -4.237125701,      -4.990208528,       -2.38249249,       -3.35818105,      0.9329898399,      0.3269786265,      0.7416373226,                 0,                 0,                 0,     0.04874029661,     0.09585744736,      0.8048305973,                 0,       2.268152296,       0.692867853,      -3.021765208,      -1.663783538,      -2.541499488,      -2.569488715,      -2.300655954,      0.9171764528,        0.31598852,       0.699174214,                 0,                 0,                 0,     0.04768533699,     0.09776256767,      0.7610097283,                 0,       2.162826506,      0.7184820701,   0.0006118979806,    0.003498705912
        559,           9,      -8.322155623,      -4.198262176,      -5.010185754,       -2.36020622,      -3.382773647,      0.9329898399,      0.3211192251,      0.7092885151,                 0,                 0,                 0,     0.03825230981,      0.0997119499,      0.7721821556,                 0,       2.208801154,      0.6475838642,      -3.018113652,      -1.626099715,      -2.563627476,      -2.548058062,      -2.326351083,      0.9174400093,      0.3159330513,      0.6988356354,                 0,                 0,                 0,     0.04787066255,     0.09780851346,      0.7606697265,                 0,       2.162902012,      0.7203630449,   0.0005114688653,    0.002919967737
        560,           9,      -8.189083553,       -4.14921009,       -4.95643341,      -2.304352734,      -3.402041055,      0.9329898399,      0.3161338405,      0.6798863363,                 0,                 0,                 0,     0.02980451398,       0.103540768,      0.7426071268,                 0,       2.150628149,      0.6325832127,      -2.886159956,      -1.577503054,      -2.511661136,      -2.492583363,      -2.346382079,      0.9176949245,      0.3159672757,      0.6989893054,                 0,                 0,                 0,     0.04822725902,     0.09779631366,      0.7608266881,                 0,       2.163822279,      0.7221541586,   0.0004179942302,    0.002377738252
        561,           9,      -8.197551963,      -4.122421547,        -4.9461712,      -2.271087383,      -3.503678236,      0.9329898399,      0.3116848217,      0.6536535962,                 0,                 0,                 0,     0.02256823632,      0.1069558611,      0.7162198655,                 0,       2.097162103,      0.6550529072,      -2.894721892,      -1.550781666,      -2.503219889,       -2.45893368,      -2.448889542,      0.9179416167,      0.3160847336,      0.6995965881,                 0,                 0,                 0,     0.04873795353,     0.09773108695,      0.7614417768,                 0,        2.16551534,      0.7238453903,   0.0003424608005,    0.001938366513
        562,           9,      -8.216120873,      -4.133127324,      -4.942027188,      -2.261341233,      -3.411531318,      0.9329898399,      0.3082085194,       0.631776348,                 0,                 0,                 0,      0.0169693993,      0.1100277451,      0.6942821765,                 0,       2.049834149,      0.6063946359,      -2.912361842,      -1.561873186,      -2.501361634,      -2.448300162,      -2.357763548,      0.9181804774,      0.3162781586,      0.7006150301,                 0,                 0,                 0,     0.04938444095,     0.09761829652,      0.7624722698,                 0,       2.167903694,      0.7254284233,   0.0002845637532,      0.0015993987
        563,           9,      -8.216496556,      -4.172487934,      -4.885293885,      -2.297514516,      -3.283365989,      0.9329898399,      0.3056670301,      0.6144584393,                 0,                 0,                 0,     0.01306018199,      0.1126605732,      0.6769779185,                 0,       2.010221512,      0.5854851052,      -2.911257454,      -1.602311515,      -2.447281253,      -2.483463033,      -2.230858506,      0.9184118737,      0.3165396431,      0.7019992195,                 0,                 0,                 0,     0.05014766492,     0.09746365763,      0.7638724273,                 0,       2.170905637,      0.7268963065,   0.0002438135488,    0.001357380514
        564,           9,       -8.22961878,        -4.1683542,      -4.943985403,       -2.30814704,      -3.264490197,      0.9329898399,       0.303660965,      0.6011585354,                 0,                 0,                 0,     0.01014131752,      0.1146306792,      0.6636726405,                 0,        1.97970304,      0.6245003513,      -2.923038805,      -1.599961489,      -2.508665859,      -2.493313006,      -2.212214345,      0.9186361501,      0.3168608157,      0.7037016849,                 0,                 0,                 0,     0.05100820255,      0.0972730438,      0.7655944049,                 0,       2.174436644,      0.7282431777,   0.0002195503289,    0.001207949162
        565,           9,      -8.126757165,      -4.176171776,      -4.773049583,      -2.266544599,      -3.329353879,      0.9329898399,      0.3020889506,      0.5925084746,                 0,                 0,                 0,    0.008433107954,      0.1156563874,      0.6549409337,                 0,       1.961370892,      0.5965926319,      -2.819588382,      -1.610045544,      -2.340089658,      -2.451421437,       -2.27709884,      0.9188536302,      0.3172330215,      0.7056738051,                 0,                 0,                 0,     0.05194663674,     0.09705239383,      0.7675891753,                 0,       2.178410731,      0.7294639611,   0.0002109594661,    0.001145930163
        566,           9,      -8.085953404,       -4.16215771,      -4.802744205,      -2.207689722,      -3.394314466,      0.9329898399,      0.3010883923,      0.5875621213,                 0,                 0,                 0,    0.007630115542,      0.1161457225,      0.6499181776,                 0,       1.951460555,      0.6348864896,      -2.779073888,      -1.597984447,      -2.371381086,      -2.392742327,      -2.341796425,      0.9190646184,      0.3176474991,       0.707866696,                 0,                 0,                 0,     0.05294390196,      0.0968076215,      0.7698074288,                 0,       2.182741813,      0.7305542454,   0.0002170881999,    0.001165438739
        567,           9,      -8.131893315,      -4.193362717,      -4.804448998,       -2.23684863,      -3.384320097,      0.9329898399,      0.3006279373,      0.5872177802,                 0,                 0,                 0,    0.008428677874,      0.1158060627,      0.6494542585,                 0,       1.953304093,      0.6997765245,      -2.825736278,       -1.62996538,      -2.373935968,      -2.422275962,      -2.331743586,      0.9192694011,       0.318095546,      0.7102320482,                 0,                 0,                 0,     0.05398159266,     0.09654452886,      0.7722004225,                 0,       2.187345002,      0.7315102799,   0.0002368631302,    0.001259985174
        568,           9,      -8.232844747,      -4.203260218,      -4.936865321,       -2.29916776,      -3.363851961,      0.9329898399,      0.3007250391,      0.5900375991,                 0,                 0,                 0,     0.01039937605,      0.1150744864,      0.6521792545,                 0,        1.96205012,      0.8014300169,      -2.927105939,      -1.639220353,      -2.506706457,      -2.484783393,      -2.310214376,       0.919468248,       0.318568668,      0.7127228937,                 0,                 0,                 0,     0.05504222761,     0.09626872487,      0.7747207574,                 0,       2.192137834,      0.7323290467,   0.0002691085464,    0.001422583696
        569,           9,       -8.21599586,      -4.182694327,       -4.92544081,      -2.312900211,      -3.367229125,      0.9329898399,      0.3011554671,      0.5967408244,                 0,                 0,                 0,     0.01349626585,      0.1135262733,      0.6587154258,                 0,       1.981504205,      0.8245269744,      -2.909959155,      -1.617112707,      -2.495464624,      -2.498312511,      -2.312879531,      0.9196614136,      0.3190587087,      0.7152942848,                 0,                 0,                 0,     0.05610946787,     0.09598555114,       0.777323065,                 0,       2.197041405,      0.7330085277,   0.0003125657429,    0.001645864941
        570,           9,      -8.151460933,      -4.156014665,      -4.886888115,       -2.25168708,      -3.376423898,      0.9329898399,      0.3023311122,      0.6071526565,                 0,                 0,                 0,     0.01798622391,      0.1116064233,      0.6690160357,                 0,       2.008237432,      0.8245269744,      -2.844702047,      -1.588702412,      -2.456590648,      -2.436694994,      -2.320766683,       0.919849138,      0.3195579593,      0.7179038749,                 0,                 0,                 0,      0.0571682891,     0.09570001652,      0.7799645952,                 0,       2.201981364,      0.7335481543,   0.0003590683595,    0.001891456955
        571,           9,      -8.121609586,      -4.159899005,      -4.834402614,      -2.203309915,       -3.38992327,      0.9329898399,      0.3039716843,      0.6206733387,                 0,                 0,                 0,     0.02351373874,      0.1092222452,      0.6824255852,                 0,       2.041878803,      0.8346159004,      -2.814346638,      -1.591324727,      -2.403204419,      -2.388068706,      -2.333757824,      0.9200316477,      0.3200592461,      0.7205123966,                 0,                 0,                 0,     0.05820510964,     0.09541674158,       0.782605699,                 0,       2.206888779,       0.733949242,   0.0003974512529,    0.002091580856
        572,           9,      -8.127276113,      -4.220179804,      -4.837420503,      -2.220007212,       -3.40236519,      0.9329898399,      0.3065262024,      0.6382689855,                 0,                 0,                 0,     0.03068342437,      0.1065206738,      0.6999992548,                 0,       2.082265661,      0.8346159004,      -2.819890184,       -1.65070958,      -2.404685203,      -2.404685728,      -2.346320864,      0.9202091572,      0.3205559985,      0.7230840361,                 0,                 0,                 0,     0.05920787771,     0.09513991366,      0.7852102065,                 0,       2.211700839,      0.7342152161,   0.0004277839983,    0.002246900599
        573,           9,      -8.234838707,      -4.298380798,      -5.011657273,      -2.287585465,      -3.454748657,      0.9329898399,      0.3096200442,      0.6584488146,                 0,                 0,                 0,     0.03842481322,      0.1035793184,      0.7202018731,                 0,       2.126634974,      0.7825742699,      -2.927404225,       -1.72803265,      -2.577039131,      -2.472142207,      -2.398069573,      0.9203818691,      0.3210422973,      0.7255867085,                 0,                 0,                 0,     0.06016612168,     0.09487325288,       0.787745704,                 0,       2.216361407,      0.7343516377,   0.0004502654202,    0.002358748903
        574,           9,      -8.246057194,      -4.342134155,      -5.117173685,      -2.333718703,       -3.45918274,      0.9329898399,      0.3131972562,      0.6806462994,                 0,                 0,                 0,      0.0465862304,      0.1005103068,      0.7424753089,                 0,       2.173219228,      0.7994153578,      -2.938193522,      -1.770563753,      -2.680891257,      -2.517932293,      -2.401810472,      0.9205499754,      0.3215129066,      0.7279922404,                 0,                 0,                 0,     0.06107096819,     0.09461998934,      0.7901837184,                 0,         2.2208214,      0.7343660759,   0.0004652090894,    0.002429055545
        575,           9,      -8.246339656,      -4.410251174,      -5.016585216,      -2.389327726,      -3.480779302,      0.9329898399,        0.31777844,       0.706734304,                 0,                 0,                 0,     0.05655650221,     0.09726392029,      0.7687628003,                 0,       2.223984434,      0.7768078298,      -2.937533568,       -1.83721913,      -2.579166775,      -2.573039873,      -2.422846135,      0.9207136578,      0.3219632912,      0.7302764675,                 0,                 0,                 0,     0.06191513208,     0.09438285093,      0.7924998154,                 0,        2.22503903,      0.7342678114,   0.0004730269738,    0.002460266241
        576,           9,      -8.270640147,      -4.415082108,      -4.954565499,       -2.38827902,      -3.493976533,      0.9329898399,      0.3229295119,      0.7349118413,                 0,                 0,                 0,     0.06737912248,     0.09395160019,       0.797215141,                 0,       2.275765498,       0.751520186,      -2.960716466,      -1.840602527,      -2.516398598,      -2.571577099,      -2.434224118,      0.9208730888,       0.322389621,      0.7324192559,                 0,                 0,                 0,     0.06269288138,     0.09416406143,      0.7946736209,                 0,       2.228979878,      0.7340674562,   0.0004742121909,    0.002455255996
        577,           9,      -8.214172075,       -4.43891129,      -4.880305395,      -2.377494426,      -3.532027981,      0.9329898399,      0.3284770507,       0.764724347,                 0,                 0,                 0,     0.07897053926,     0.09054040489,      0.8273469253,                 0,       2.328090639,       0.768782064,      -2.903583233,      -1.863219708,      -2.441340185,      -2.560717289,       -2.47122575,      0.9210284317,      0.3227887642,      0.7344044553,                 0,                 0,                 0,     0.06339998221,     0.09396534777,      0.7966887747,                 0,       2.232616847,      0.7337765641,   0.0004693218112,    0.002417240718
        578,           9,      -8.308315019,      -4.483915224,      -5.005875939,      -2.426949242,      -3.627604239,      0.9329898399,      0.3341379638,      0.7948047357,                 0,                 0,                 0,     0.09039883323,     0.08715930846,      0.8577680349,                 0,        2.37867235,      0.7545579918,      -2.997921068,      -1.907315235,      -2.565513472,      -2.610486776,      -2.567118648,       0.921179842,      0.3231582722,      0.7362197972,                 0,                 0,                 0,      0.0640336282,     0.09378795548,      0.7985328284,                 0,       2.235929983,      0.7334072234,    0.000458960423,    0.002349690352
        579,           9,      -8.327686496,      -4.577417947,      -5.194152533,      -2.531570847,      -3.642194675,      0.9329898399,      0.3396366597,      0.8244189032,                 0,                 0,                 0,      0.1011964625,     0.08375939278,      0.8876958672,                 0,       2.427355469,      0.7715936134,      -3.018139659,       -2.00001239,       -2.75176939,      -2.715570506,      -2.582760669,      0.9213274669,      0.3234963574,      0.7378567446,                 0,                 0,                 0,     0.06459235803,     0.09363267089,      0.8001970955,                 0,        2.23890619,      0.7329716952,   0.0004437648734,     0.00225624598
        580,           9,      -8.404162347,      -4.522170266,      -5.190389007,      -2.549686846,      -3.602891793,      0.9329898399,      0.3450696827,      0.8528774959,                 0,                 0,                 0,      0.1115729386,     0.08063453128,      0.9164994169,                 0,       2.471609471,      0.7436158993,       -3.09543746,      -1.943886222,      -2.745962533,      -2.733943081,      -2.544373546,      0.9214714468,      0.3238018635,      0.7393103012,                 0,                 0,                 0,     0.06507596292,     0.09349984895,      0.8016764599,                 0,       2.241538856,       0.732482112,    0.000424390419,    0.002140642624
        581,           9,      -8.389726179,      -4.490646601,      -5.108843577,      -2.571292802,      -3.481652642,      0.9329898399,      0.3500595804,      0.8787638506,                 0,                 0,                 0,      0.1206579172,     0.07783795655,      0.9427135659,                 0,       2.510326527,      0.7782145736,       -3.08123832,      -1.911420092,      -2.662948796,      -2.755447694,      -2.423736978,      0.9216119151,      0.3240742301,      0.7405787858,                 0,                 0,                 0,     0.06548538552,     0.09338944543,      0.8029691501,                 0,       2.243827406,      0.7319502368,   0.0004014983943,    0.002006638912
        582,           9,      -8.388667801,      -4.435742708,      -5.085702504,      -2.548358078,      -3.470532128,      0.9329898399,      0.3545824565,      0.9012499088,                 0,                 0,                 0,       0.128145472,     0.07558891727,      0.9655394514,                 0,       2.541721657,      0.7391993275,      -3.079794969,      -1.855664307,      -2.639134776,       -2.73220223,      -2.412938439,      0.9217489985,      0.3243134525,      0.7416635778,                 0,                 0,                 0,     0.06582261167,     0.09330105248,      0.8040764838,                 0,       2.245776783,      0.7313872671,   0.0003757453968,    0.001857954168
        583,           9,      -8.379365914,      -4.403137867,      -5.113371686,      -2.517111744,      -3.456782747,      0.9329898399,       0.358292311,       0.918970584,                 0,                 0,                 0,      0.1333319715,     0.07395564484,      0.9835704738,                 0,       2.564862699,      0.7459121453,      -3.069928401,      -1.822556669,      -2.666686107,      -2.700730215,       -2.39889482,       0.921882818,      0.3245200364,      0.7425688393,                 0,                 0,                 0,     0.06609055659,     0.09323393676,      0.8050025889,                 0,       2.247396893,      0.7308036928,   0.0003477739058,    0.001698213076
        584,           9,      -8.334268776,      -4.395443806,      -5.055773571,      -2.491176858,      -3.447787214,      0.9329898399,      0.3610686451,      0.9310768883,                 0,                 0,                 0,      0.1358998454,     0.07307112546,      0.9959595118,                 0,       2.578670015,        0.74387735,       -3.02460932,      -1.814887828,      -2.609155738,      -2.674866669,      -2.389792002,      0.9220134889,      0.3246949486,      0.7433012176,                 0,                 0,                 0,     0.06629294645,     0.09318707944,      0.8057541052,                 0,       2.248702004,      0.7302091929,    0.000318204199,    0.001530897727
        585,           9,      -8.362767765,      -4.389842786,      -5.138420933,      -2.481331488,      -3.476191049,      0.9329898399,      0.3627113788,      0.9372195237,                 0,                 0,                 0,      0.1358406129,     0.07284614676,       1.002314032,                 0,       2.583926445,        0.74387735,       -3.05352906,      -1.809727675,      -2.691704438,      -2.665442908,      -2.418678501,      0.9221411209,      0.3248395655,      0.7438695341,                 0,                 0,                 0,     0.06643419652,     0.09315921762,      0.8063398708,                 0,       2.249710133,      0.7296125516,   0.0002876274233,    0.001359306654
        586,           9,      -8.297968538,      -4.404454839,      -4.985715106,      -2.480852091,      -3.475618679,      0.9329898399,      0.3626417441,      0.9348722028,                 0,                 0,                 0,      0.1318848853,       0.073465845,       1.000048919,                 0,       2.577949775,      0.7419752941,      -2.989632161,      -1.824917246,      -2.538615289,      -2.665564473,      -2.419666692,      0.9222658188,      0.3249556181,      0.7442844611,                 0,                 0,                 0,     0.06651928661,     0.09314888641,      0.8067705979,                 0,        2.25044241,      0.7290216142,   0.0002565997113,    0.001186520514
        587,           9,      -8.306933184,      -4.433976784,       -4.99784481,       -2.52532728,      -3.479968222,      0.9329898399,      0.3611634045,      0.9258989562,                 0,                 0,                 0,      0.1252682109,      0.0746756252,      0.9910355356,                 0,       2.563656629,      0.7424056391,      -2.999422397,       -1.85505605,       -2.55028759,       -2.71044924,       -2.42628255,      0.9223876827,      0.3250451361,      0.7445581935,                 0,                 0,                 0,     0.06655363525,     0.09315446125,      0.8070585421,                 0,       2.250922448,      0.7284432731,   0.0002256371926,    0.001015373814
        588,           9,      -8.283343506,      -4.415038343,      -4.947475472,      -2.495032528,       -3.45099822,      0.9329898399,      0.3579104757,       0.908980083,                 0,                 0,                 0,      0.1153254057,     0.07651143367,      0.9739048723,                 0,       2.539685605,      0.7424056391,      -2.976085173,      -1.836913202,      -2.500123508,       -2.68011995,      -2.398830373,       0.922506808,      0.3251103896,      0.7447041168,                 0,                 0,                 0,     0.06654297353,     0.09317419964,      0.8072171675,                 0,       2.251175719,      0.7278834788,    0.000195211739,   0.0008484319622
        589,           9,      -8.295764373,      -4.397318186,      -4.958792059,      -2.484528813,      -3.395016504,      0.9329898399,       0.353645027,       0.886371605,                 0,                 0,                 0,      0.1038690465,     0.07904244405,      0.9510371809,                 0,       2.506387868,      0.7371319661,      -2.988150989,      -1.820444574,      -2.512530216,       -2.66928036,      -2.344223534,      0.9226232862,      0.3251538312,      0.7447364768,                 0,                 0,                 0,     0.06649322003,     0.09320628189,      0.8072608146,                 0,       2.251228951,      0.7273472691,   0.0001657473758,   0.0006879732221
        590,           9,      -8.329249717,      -4.377233721,      -4.989724589,      -2.483341542,       -3.36990915,      0.9329898399,      0.3479776201,      0.8580434751,                 0,                 0,                 0,     0.09071431491,     0.08190501948,       0.922289866,                 0,       2.465800746,      0.7339503215,      -3.021058947,      -1.802059112,        -2.5452628,      -2.667761944,      -2.319826844,      0.9227372043,       0.325178037,      0.7446700545,                 0,                 0,                 0,     0.06641035891,     0.09324884998,      0.8072043718,                 0,       2.251109551,      0.7268388145,   0.0001376173504,   0.0005492597885
        591,           9,      -8.341769432,      -4.342439543,      -4.999769901,      -2.467014853,      -3.354944754,      0.9329898399,      0.3414825281,      0.8256457886,                 0,                 0,                 0,     0.07688057393,     0.08516589899,      0.8894088232,                 0,       2.417827328,      0.7190446647,      -3.033353993,      -1.769223674,      -2.557715867,      -2.651439605,      -2.304777825,       0.922848646,      0.3251856491,      0.7445198531,                 0,                 0,                 0,     0.06630032336,     0.09330004412,       0.807062959,                 0,       2.250845062,      0.7263614706,   0.0001111418988,   0.0004374314753
        592,           9,      -8.291812388,      -4.296568269,      -5.001146404,      -2.415362529,      -3.363272087,      0.9329898399,      0.3349590937,      0.7926236947,                 0,                 0,                 0,     0.06402500744,     0.08858223354,      0.8559223701,                 0,       2.366329828,      0.6868197881,      -2.983962129,      -1.725479067,      -2.561794314,      -2.600276095,      -2.313446154,      0.9229576911,        0.32517932,      0.7443008002,                 0,                 0,                 0,     0.06616888719,     0.09335803649,      0.8068516272,                 0,       2.250462666,       0.725917835,   8.785256112e-05,   0.0003508575626
        593,           9,      -8.327109479,      -4.248598078,      -4.993864314,      -2.378461467,      -3.370445797,      0.9329898399,      0.3279755139,      0.7572233253,                 0,                 0,                 0,     0.05095384317,     0.09225386934,      0.8200270275,                 0,       2.308780056,       0.710129731,      -3.020663338,      -1.679566012,      -2.557013281,      -2.564280254,      -2.321622373,      0.9230644161,      0.3251616602,      0.7440274728,                 0,                 0,                 0,      0.0660215668,     0.09342106156,      0.8065850797,                 0,       2.249988725,      0.7255098018,   6.896015119e-05,   0.0002876641488
        594,           9,      -8.349818971,      -4.209126804,        -4.9844813,      -2.355280913,       -3.39925776,      0.9329898399,      0.3216207356,      0.7243074133,                 0,                 0,                 0,     0.03985545069,      0.0958004459,      0.7866914269,                 0,       2.252054464,       0.692867853,      -3.045172426,      -1.641657541,      -2.549565189,      -2.542076396,      -2.351462152,      0.9231688942,      0.3251351902,       0.743713849,                 0,                 0,                 0,     0.06586353603,     0.09348744282,      0.8062774207,                 0,       2.249448388,      0.7251386037,   5.411593679e-05,   0.0002457886927
        595,           9,       -8.19270368,      -4.164257631,      -4.954252179,      -2.302304635,      -3.421341627,      0.9329898399,      0.3162346705,      0.6947832465,                 0,                 0,                 0,     0.03117611885,     0.09928175717,      0.7568825927,                 0,       2.197049569,      0.6325832127,      -2.889471363,      -1.597579787,      -2.520756005,       -2.48962152,      -2.374184513,      0.9232711958,      0.3251022974,      0.7433730906,                 0,                 0,                 0,     0.06569955541,     0.09355561542,      0.8059419349,                 0,       2.248865235,      0.7248048608,   4.294352442e-05,   0.0002230328887
        596,           9,      -8.182789912,      -4.142940949,      -4.925341535,      -2.265516505,      -3.444040001,      0.9329898399,      0.3113965732,      0.6682100409,                 0,                 0,                 0,     0.02380704038,      0.1024243152,      0.7300559871,                 0,       2.145849051,      0.6718939951,      -2.879833752,      -1.576548436,      -2.493225024,      -2.452510731,      -2.397456538,       0.923371388,      0.3250652006,      0.7430173611,                 0,                 0,                 0,     0.06553391686,     0.09362414481,      0.8055909031,                 0,       2.248260993,      0.7245086342,   3.504793881e-05,   0.0002171131377
        597,           9,      -8.269157133,      -4.147270826,      -5.018067614,      -2.260594986,      -3.423607797,      0.9329898399,      0.3075281017,      0.6454071245,                 0,                 0,                 0,     0.01775760984,       0.105391805,       0.707118418,                 0,       2.098693163,      0.6550529072,      -2.965229619,      -1.581344192,      -2.587756632,      -2.446645829,      -2.377762395,      0.9234695354,      0.3250259204,      0.7426576813,                 0,                 0,                 0,     0.06537040472,     0.09369174116,      0.8052354551,                 0,       2.247655303,      0.7242494619,   3.002416762e-05,   0.0002257078854
        598,           9,      -8.205021447,      -4.193730172,      -4.956424566,      -2.298269955,      -3.235655171,      0.9329898399,      0.3048807518,      0.6278168297,                 0,                 0,                 0,     0.01384882131,      0.1080030362,      0.6895227253,                 0,       2.059220945,       0.645409882,      -2.899390198,      -1.628949214,       -2.52828907,      -2.483190042,      -2.190909687,      0.9235657001,      0.3249862576,       0.742303823,                 0,                 0,                 0,     0.06521227267,     0.09375726959,      0.8048854624,                 0,       2.247065554,       0.724026396,   2.746509477e-05,   0.0002465013786
        599,           9,      -8.235131914,      -4.196253067,      -4.906755043,      -2.315742341,      -3.196887963,      0.9329898399,      0.3026360869,      0.6137445929,                 0,                 0,                 0,     0.01057579817,      0.1099707764,      0.6754091018,                 0,       2.027995403,      0.6245003513,      -2.927820905,      -1.633400388,      -2.480811357,      -2.499733233,      -2.152210372,      0.9236599415,      0.3249477792,      0.7419642416,                 0,                 0,                 0,     0.06506223558,     0.09381975651,      0.8045494692,                 0,        2.24650677,      0.7238380543,   2.696877511e-05,   0.0002772235176
        600,           9,      -8.102078849,        -4.2083312,      -4.737315248,      -2.268469509,      -3.215222582,      0.9329898399,      0.3011374767,       0.604460345,                 0,                 0,                 0,    0.008711552829,      0.1112520997,      0.6660923801,                 0,       2.007257122,      0.6627942091,      -2.793979474,      -1.648028364,       -2.31328576,      -2.452117794,      -2.170244052,      0.9237523168,      0.3249118112,      0.7416460441,                 0,                 0,                 0,     0.06492247454,     0.09387839206,      0.8042346594,                 0,       2.245991556,      0.7236826683,   2.814499903e-05,    0.000302401041
        601,           9,      -8.088981984,      -4.217261147,      -4.770582184,      -2.239628716,      -3.248284057,      0.9329898399,      0.3002006946,      0.5992378887,                 0,                 0,                 0,    0.008165230273,       0.111883149,      0.6608242318,                 0,       1.996124258,      0.6878256123,        -2.7812219,      -1.659245117,       -2.34765716,      -2.423528082,      -2.202880294,      0.9238428807,       0.324879438,      0.7413549908,                 0,                 0,                 0,     0.06479465352,     0.09393252919,      0.8039468586,                 0,       2.245530102,      0.7235581287,   3.062110941e-05,   0.0003164862317
        602,           9,       -8.16354215,      -4.239748907,       -4.81444169,      -2.272523934,      -3.317122094,      0.9329898399,      0.3000048996,      0.5986153945,                 0,                 0,                 0,    0.009185460133,       0.111877909,      0.6601716927,                 0,        1.99535206,       0.722873482,      -2.856697158,      -1.682735715,      -2.391840307,      -2.456896439,      -2.271604057,      0.9239316861,      0.3248515076,      0.7410955263,                 0,                 0,                 0,     0.06467994538,     0.09398167935,      0.8036905655,                 0,       2.245130237,      0.7234620385,   3.278123598e-05,   0.0003205273866
        603,           9,      -8.252759019,      -4.249900741,      -4.950326261,      -2.335978616,      -3.389423405,      0.9329898399,       0.300224359,      0.6013326616,                 0,                 0,                 0,     0.01128887861,       0.111293327,      0.6628343919,                 0,       2.002944277,      0.8245269744,      -2.946426651,      -1.692282361,      -2.527542865,      -2.520540835,      -2.342794133,      0.9240187838,      0.3248286417,       0.740870837,                 0,                 0,                 0,     0.06457906566,     0.09402550536,      0.8034690087,                 0,       2.244797518,      0.7233917832,   3.330185257e-05,   0.0003156635827
        604,           9,      -8.231833319,      -4.217568895,      -4.940782911,      -2.334308601,      -3.390598634,      0.9329898399,      0.3009119375,      0.6078877754,                 0,                 0,                 0,     0.01457471082,      0.1100343318,      0.6693041069,                 0,       2.020151744,      0.8245269744,      -2.925089271,      -1.658399321,       -2.51771242,      -2.518557762,      -2.343020816,      0.9241042224,       0.324811249,      0.7406829289,                 0,                 0,                 0,     0.06449231217,     0.09406381167,      0.8032842261,                 0,       2.244535375,      0.7233446121,   3.239411317e-05,   0.0003030920143
        605,           9,      -8.149479682,       -4.19044855,      -4.856377115,      -2.263744772,      -3.394095446,      0.9329898399,      0.3022443606,      0.6180110816,                 0,                 0,                 0,     0.01929407648,      0.1083487661,      0.6793746356,                 0,       2.044739827,      0.8454365051,      -2.841838951,      -1.629534128,        -2.4324685,      -2.447465773,      -2.345197202,       0.924188049,      0.3247995425,      0.7405327229,                 0,                 0,                 0,     0.06441960908,     0.09409653261,      0.8031371608,                 0,       2.244345276,      0.7233177385,   3.027549064e-05,   0.0002840367679
        606,           9,      -8.175227072,        -4.1992276,       -4.91890437,      -2.228526816,      -3.404773952,      0.9329898399,      0.3041356219,      0.6316942233,                 0,                 0,                 0,     0.02536004204,      0.1061568248,      0.6930128403,                 0,       2.077014916,      0.8346159004,      -2.867039175,      -1.637028097,      -2.493437159,      -2.411950072,      -2.354943182,      0.9242703087,      0.3247935581,      0.7404201632,                 0,                 0,                 0,     0.06436055366,     0.09412371902,      0.8030277697,                 0,       2.244226923,      0.7233084436,   2.716424739e-05,   0.0002597197969
        607,           9,      -8.152414122,      -4.265215536,      -4.857737906,       -2.24558458,      -3.418667024,      0.9329898399,      0.3067298721,      0.6482412836,                 0,                 0,                 0,     0.03229449215,      0.1037998263,      0.7095953581,                 0,       2.113394692,      0.8534320066,      -2.844195862,      -1.702088917,      -2.429987246,      -2.428928576,       -2.36906513,      0.9243510451,      0.3247931756,      0.7403443334,                 0,                 0,                 0,      0.0643144646,     0.09414552372,      0.8029551415,                 0,       2.244178465,      0.7233141614,    2.32744735e-05,   0.0002313347875
        608,           9,      -8.228379867,      -4.352324464,      -5.077388413,       -2.31568684,      -3.448952496,      0.9329898399,      0.3101155006,      0.6682790873,                 0,                 0,                 0,       0.040371102,      0.1011790322,      0.7297474671,                 0,         2.1549361,      0.8534320066,      -2.920175141,      -1.788209483,      -2.646909386,      -2.498851444,      -2.398811073,      0.9244303001,      0.3247981397,      0.7403035794,                 0,                 0,                 0,     0.06428043076,     0.09416218624,      0.8029176196,                 0,       2.244196722,      0.7233325433,   1.980460566e-05,    0.000200024361
        609,           9,      -8.226449089,      -4.404751812,      -5.104947036,      -2.367116987,      -3.478301388,      0.9329898399,      0.3139988916,      0.6902906173,                 0,                 0,                 0,      0.0489512783,     0.09845718885,      0.7519325916,                 0,       2.198385522,      0.7994153578,      -2.917690223,      -1.839162355,      -2.671933848,      -2.549745178,      -2.427418049,      0.9245081141,       0.324808082,      0.7402956331,                 0,                 0,                 0,     0.06425735927,     0.09417401738,      0.8029129274,                 0,        2.24427742,      0.7233615051,   1.695099668e-05,   0.0001668608528
        610,           9,       -8.28594506,       -4.44672222,      -4.990709372,      -2.416192665,      -3.498452183,      0.9329898399,      0.3186314746,      0.7157198492,                 0,                 0,                 0,     0.05881323326,     0.09545256217,      0.7776051231,                 0,       2.246230853,      0.7768078298,      -2.975938955,      -1.879294365,      -2.555799313,      -2.598047195,      -2.446890136,      0.9245845261,      0.3248225427,      0.7403177364,                 0,                 0,                 0,     0.06424402226,     0.09418138383,      0.8029382928,                 0,       2.244415415,      0.7233992579,   1.480026448e-05,   0.0001372514343
        611,           9,      -8.226348977,      -4.440285676,       -4.89462809,       -2.39198308,      -3.512439833,      0.9329898399,      0.3238819759,       0.742781307,                 0,                 0,                 0,     0.06945235035,     0.09256163697,       0.805019222,                 0,       2.293370309,       0.751520186,      -2.914848337,      -1.871012712,      -2.458358416,      -2.573172146,      -2.459023094,      0.9246595735,      0.3248409921,      0.7403667617,                 0,                 0,                 0,     0.06423910125,     0.09418469341,        0.80299057,                 0,       2.244604923,       0.723444315,   1.340787749e-05,   0.0001130486244
        612,           9,      -8.239057748,      -4.453252212,      -4.906356249,      -2.387948299,      -3.560214119,      0.9329898399,      0.3294012893,      0.7714862473,                 0,                 0,                 0,      0.0809211761,     0.08944727034,      0.8340835839,                 0,       2.342086301,      0.7846395466,      -2.926569679,      -1.882391366,      -2.468759638,      -2.568890672,       -2.50528166,      0.9247332927,       0.324862851,      0.7404393276,                 0,                 0,                 0,     0.06424122886,     0.09418438096,       0.803066356,                 0,       2.244839729,      0.7234954774,   1.280073507e-05,   9.435876995e-05
        613,           9,      -8.333221433,      -4.497217573,      -5.048368744,      -2.441212415,      -3.585082001,      0.9329898399,      0.3348570901,      0.7999191558,                 0,                 0,                 0,     0.09181560233,     0.08635170061,      0.8628692313,                 0,       2.388837446,      0.7545579918,      -3.020736907,      -1.925093906,      -2.608834435,      -2.622383127,      -2.530312529,      0.9248057185,      0.3248875108,      0.7405319084,                 0,                 0,                 0,     0.06424902744,     0.09418089531,      0.8031621013,                 0,       2.245113392,      0.7235518055,   1.298012997e-05,   8.114791885e-05
